"id","player_id","team_id","eng_name","kor_name","kor_short_name","created_at"
1,16797,1577,Mohamed El-Shenawy,모하메드 엘셰나위,엘셰나위,2025-06-15 17:31:16.446
2,2654,1577,Mohamed Hany,모하메드 하니,하니,2025-06-15 17:31:16.453
3,36540,1577,Achraf Dari,아크라프 다리,다리,2025-06-15 17:31:16.460
4,16804,1577,Yasser Ibrahim,야세르 이브라힘,이브라힘,2025-06-15 17:31:16.461
5,292695,1577,Ahmed Nabil Koka,아메드 나빌 코카,나빌 코카,2025-06-15 17:31:16.462
6,16813,1577,Hamdy Fathy,함디 파티,파티,2025-06-15 17:31:16.477
7,17269,1577,Emam Ashour,에맘 아슈르,아슈르,2025-06-15 17:31:16.497
8,190575,1577,Marwan Attia,마르완 아티아,아티아,2025-06-15 17:31:16.498
9,49404,1577,Mohamed Ali Ben Romdhane,모하메드 알리 벤 롬다네,알리 벤 롬다네,2025-06-15 17:31:16.505
10,15731,1577,Wessam Abou Ali,웨삼 아부 알리,아부 알리,2025-06-15 17:31:16.518
11,2664,1577,Mahmoud Trézéguet,마흐무드 트레제게,트레제게,2025-06-15 17:31:16.519
12,95571,9568,Óscar Ustari,오스카 우스타리,우스타리,2025-06-15 17:31:16.548
13,404646,9568,Tomás Avilés,토마스 아빌레스,아빌레스,2025-06-15 17:31:16.548
14,216493,9568,Ian Fray,이안 프레이,프레이,2025-06-15 17:31:16.548
15,282407,9568,Noah Allen,노아 앨런,앨런,2025-06-15 17:31:16.594
16,67896,9568,Maximiliano Falcón,막심리아노 팔콘,팔콘,2025-06-15 17:31:16.595
17,304383,9568,Tadeo Allende,타데오 알렌데,알렌데,2025-06-15 17:31:16.615
18,311345,9568,Federico Redondo,페데리코 레돈도,레돈도,2025-06-15 17:31:16.635
19,144,9568,Sergio Busquets,세르지오 부스켓,부스켓,2025-06-15 17:31:16.635
20,157,9568,Luis Suárez,루이스 수아레스,수아레스,2025-06-15 17:31:16.639
21,144303,9568,Telasco Segovia,텔라스코 세고비아,세고비아,2025-06-15 17:31:16.665
22,154,9568,Lionel Messi,리오넬 메시,메시,2025-06-15 17:31:16.675
23,5969,9568,M. Weigandt,엠 바이간트,바이간트,2025-06-15 17:31:17.203
24,16811,1577,H. El Shahat,H. 엘 샤하트,엘 샤하트,2025-06-15 17:31:17.223
25,16937,1577,T. Mohamed,티 모하메드,모하메드,2025-06-15 17:31:17.224
26,16843,1577,Afsha,아프샤,프샤,2025-06-15 17:31:17.224
27,265817,1577,N. Gradisar,엔 그라디사르,그라디사르,2025-06-15 17:31:17.224
28,16871,1577,Zizo,지조,조,2025-06-15 17:31:17.237
29,362061,9568,B. Cremaschi,비. 크레마스키,크레마스키,2025-06-15 17:31:17.237
30,50749,9568,F. Picault,F. 피콜트,피콜트,2025-06-15 17:31:17.279
101,633,50,İ. Gündoğan,일카이 귄도안,귄도안,2025-06-15 18:00:57.783
1119,19192,34,J. Ramsey,제이미 램지,램지,2025-08-25 20:37:21.638
65,247,40,C. Gakpo,코디 각포,각포,2025-06-15 18:00:47.149
57,280,40,Alisson Becker,알리송 베케르,알리송,2025-06-15 18:00:47.081
1300,39099,327,A. Helmersen,아담 헬머센,헬머센,2025-10-01 02:23:29.551
60,1145,40,I. Konaté,이. 코나테,코나테,2025-06-15 18:00:47.096
110,545,33,N. Mazraoui,N. 마즈라위,마즈라위,2025-06-15 18:01:06.953
32,1622,85,G. Donnarumma,지 돈나룸마,돈나룸마,2025-06-15 18:00:20.509
33,2802,505,Y. Sommer,이븐 소머,소머,2025-06-15 18:00:20.509
35,1836,505,F. Acerbi,F. 아체르비,아체르비,2025-06-15 18:00:20.512
36,2725,505,B. Pavard,비. 파바르,파바르,2025-06-15 18:00:20.521
38,257,85,Marquinhos,마르키뉴스,르키뉴스,2025-06-15 18:00:20.532
40,226,505,D. Dumfries,D. 덤프리스,덤프리스,2025-06-15 18:00:20.547
41,31009,505,A. Bastoni,A. 바스토니,바스토니,2025-06-15 18:00:20.547
43,31010,505,F. Dimarco,에프 디마르코,디마르코,2025-06-15 18:00:20.554
45,1640,505,H. Çalhanoğlu,H. 챌라노룰,챌라노룰,2025-06-15 18:00:20.556
46,21509,505,M. Thuram,엠 투람,투람,2025-06-15 18:00:20.569
48,335051,85,João Neves,조아우 네베스,네베스,2025-06-15 18:00:20.582
50,128384,85,Vitinha,비티냐,티냐,2025-06-15 18:00:20.582
49,9,85,A. Hakimi,아히미,히미,2025-06-15 18:00:20.582
51,343027,85,D. Doué,디. 두에,두에,2025-06-15 18:00:20.583
53,409216,85,S. Mayulu,에스 마율루,마율루,2025-06-15 18:00:21.147
55,341646,505,V. Carboni,비. 카르보니,카르보니,2025-06-15 18:00:21.995
56,1854,505,J. Correa,J. 코레아,코레아,2025-06-15 18:00:22.005
59,289,40,A. Robertson,에이 로버트슨,로버트슨,2025-06-15 18:00:47.096
62,293,40,C. Jones,C. 존스,존스,2025-06-15 18:00:47.133
63,306,40,Mohamed Salah,모하메드 살라,살라,2025-06-15 18:00:47.133
68,126949,52,C. Richards,시아론 리처즈,리처즈,2025-06-15 18:00:47.185
69,19088,52,D. Henderson,D. 헨더슨,헨더슨,2025-06-15 18:00:47.186
71,2490,52,J. Lerma,J. 레르마,레르마,2025-06-15 18:00:47.201
72,13736,52,D. Muñoz,D. 무뇨스,무뇨스,2025-06-15 18:00:47.201
74,2218,52,I. Sarr,이브라힘 사르,사르,2025-06-15 18:00:47.234
76,182201,52,T. Mitchell,티 미첼,미첼,2025-06-15 18:00:47.234
77,19586,52,E. Eze,이제,제,2025-06-15 18:00:47.249
78,25927,52,J. Mateta,제이 매테타,매테타,2025-06-15 18:00:47.249
80,2933,52,B. Chilwell,B. 칠웰,칠웰,2025-06-15 18:00:49.266
81,278898,52,C. Riad,씨 리아드,리아드,2025-06-15 18:00:49.267
83,67971,52,M. Guehi,엠. 게이히,게이히,2025-06-15 18:00:49.290
84,18862,52,N. Clyne,엔 클라인,클라인,2025-06-15 18:00:49.290
86,1438,36,B. Leno,비. 레노,레노,2025-06-15 18:00:57.674
87,19549,36,A. Robinson,에이 로빈슨,로빈슨,2025-06-15 18:00:57.678
89,2729,36,J. Andersen,J. 안데르센,안데르센,2025-06-15 18:00:57.691
90,19025,36,T. Cairney,티 케어니,케어니,2025-06-15 18:00:57.694
92,19221,36,H. Wilson,H. 윌슨,윌슨,2025-06-15 18:00:57.720
93,18753,36,Adama Traoré,아다마 트라오레,트라오레,2025-06-15 18:00:57.720
96,2887,36,R. Jiménez,알레하드로 히메네스,히메네스,2025-06-15 18:00:57.746
98,567,50,Rúben Dias,루벤 디아스,디아스,2025-06-15 18:00:57.756
99,5,50,M. Akanji,엠. 아칸지,아칸지,2025-06-15 18:00:57.765
103,161933,50,Nico González,니코 곤살레스,곤살레스,2025-06-15 18:00:57.786
104,636,50,Bernardo Silva,베르나르도 실바,실바,2025-06-15 18:00:57.786
105,1422,50,J. Doku,제레미 드쿠,드쿠,2025-06-15 18:00:57.799
107,50132,33,A. Bayındır,에이 바인디르,바인디르,2025-06-15 18:01:06.894
109,402329,33,A. Heaven,에이 헤븐,헤븐,2025-06-15 18:01:06.953
112,1485,33,Bruno Fernandes,브루노 페르난데스,페르난데스,2025-06-15 18:01:06.994
119,19298,66,M. Cash,엠 캐시,캐시,2025-06-15 18:01:07.215
125,19170,66,M. Rogers,엠 로저스,로저스,2025-06-15 18:01:07.464
129,2273,35,Kepa,케파,파,2025-06-15 18:01:15.756
136,792,35,J. Kluivert,제이 클라이버트,클라이버트,2025-06-15 18:01:15.798
142,8694,46,W. Faes,W. 파에스,파에스,2025-06-15 18:01:15.837
217,925,39,Gonçalo Guedes,곤살로 게데스,게데스,2025-06-15 18:38:37.086
220,342022,55,M. Kayode,엠 카요데,카요데,2025-06-15 18:38:37.174
221,82855,39,T. King,티 킹,킹,2025-06-15 18:38:37.724
224,385726,39,E. Gonzalez,에드가르 곤잘레스,곤잘레스,2025-06-15 18:38:37.951
236,270139,45,J. O'Brien,제이 오브라이언,오브라이언,2025-06-15 09:50:21.014
240,17661,45,J. Branthwaite,J. 브란스웨이트,브란스웨이트,2025-06-15 09:50:22.559
245,522,157,Thomas Müller,토마스 뮐러,뮐러,2025-06-15 16:46:44.941
252,125171,157,Josip Stanišić,요시프 스타니시치,스타니시치,2025-06-15 16:46:44.958
258,38888,2537,Mario Ilich,마리오 일리치,일리치,2025-06-15 16:46:45.383
263,102949,2537,Myer Bevan,마이어 베반,베반,2025-06-15 16:46:45.386
267,181812,157,J. Musiala,J. 무시알라,무시알라,2025-06-15 17:23:19.520
268,13061,2537,Zhou Tong,저우통,저우통,2025-06-15 17:27:49.311
275,2472,530,Rodrigo de Paul,로드리고 데 파울,데 파울,2025-06-15 18:11:58.945
281,8492,530,A. Sorloth,A. 소를로스,소를로스,2025-06-15 20:45:02.289
287,425733,121,Estêvão,에스테바우,에스테바우,2025-06-15 22:12:07.926
298,358628,212,Samuel Aghehowa,사무엘 아게호와,아게호와,2025-06-15 22:12:08.308
300,9920,121,Raphael Veiga,라파엘 베이가,베이가,2025-06-15 23:26:30.370
307,9366,120,Igor Jesus,이고르 제주스,제주스,2025-06-16 04:11:23.846
314,8661,120,Vitinho,비티뉴,비티뉴,2025-06-16 04:11:23.859
316,51103,1595,Kee-hee Kim,김기희,김기희,2025-06-16 04:11:24.323
323,51099,1595,Stefan Frei,스테판 프라이,프라이,2025-06-16 04:11:24.332
328,51581,120,S. Rodriguez,에스 로드리게스,로드리게스,2025-06-16 04:11:25.268
333,353034,120,Cuiabano,쿠이아바노,쿠이아바노,2025-06-16 04:11:25.274
340,51031,1616,Eddie Segura,에디 세구라,세구라,2025-06-16 18:36:32.922
346,159,1616,Hugo Lloris,유고 리오리스,리오리스,2025-06-16 18:36:32.986
353,47151,1616,Y. Yeboah,와헌 예보아,예보아,2025-06-16 21:22:38.291
359,2464,451,Agustín Marchesín,아구스틴 마르체신,마르체신,2025-06-16 21:23:19.597
370,36798,211,Vangelis Pavlidis,반겔리스 파블리디스,파블리디스,2025-06-16 21:23:20.098
371,6209,451,T. Belmonte,티 벨몬테,벨몬테,2025-06-16 22:21:07.935
379,280245,124,Matheus Martinelli,마테우스 마르티넬리,마르티넬리,2025-06-17 16:21:03.471
385,10163,124,Renê,레네,레네,2025-06-17 16:21:03.616
388,51603,124,Agustín Canobbio,아구스틴 카노비오,카노비오,2025-06-17 16:21:03.621
392,25282,165,Gregor Kobel,그레고르 코벨,코벨,2025-06-17 16:21:04.117
396,506,165,Niklas Süle,니클라스 즐러,즐러,2025-06-17 16:21:04.188
399,1493,435,Marcos Acuña,마르코스 아쿠냐,아쿠냐,2025-06-18 03:50:30.446
400,6000,435,Lucas Martínez Quarta,루카스 마르티네스 콰르타,마르티네스 콰르타,2025-06-18 03:50:30.447
406,289592,435,Kevin Castaño,케빈 카스타뇨,카스타뇨,2025-06-18 03:50:30.565
415,33914,287,Yoichi Naganuma,요이치 나가누마,나가누마,2025-06-18 03:50:30.697
416,32985,287,Takuro Kaneko,다쿠로 카네코,카네코,2025-06-18 03:50:30.746
426,237920,124,Paulo Baya,파울로 바야,바야,2025-06-18 03:56:03.399
435,41218,287,Thiago,티아고,티아고,2025-06-17 20:45:04.124
443,40914,2767,Miłosz Trojak,밀로시 트로야크,트로야크,2025-06-17 22:21:46.034
457,46331,2699,Grant Kekana,그랜트 케카나,케카나,2025-06-17 22:21:46.488
460,93009,2699,T. Matthews,티 매튜스,매튜스,2025-06-18 00:31:38.467
461,126665,2767,M. Lacava,엠 라카바,라카바,2025-06-18 00:32:08.375
470,1911,2282,Lucas Ocampos,루카스 오캄포스,오캄포스,2025-06-18 05:36:36.733
476,6485,2282,Germán Berterame,헤르만 베르테라메,베르테라메,2025-06-18 05:36:36.743
480,215,505,Sebastiano Esposito,세바스티아노 에스포지토,에스포지토,2025-06-18 05:36:37.742
481,300885,2282,N. Deossa,엔 데오사,데오사,2025-06-18 05:36:38.081
482,35974,2282,J. Cortizo,제이 코르티조,코르티조,2025-06-18 05:36:38.152
494,266657,50,Savinho,사비뉴,사비뉴,2025-06-18 15:48:18.644
499,144879,968,El Mehdi Benabid,엘 메디 베나비드,메디 베나비드,2025-06-18 15:48:19.195
504,153601,968,Abdelmounaim Boutouil,압델무나임 부투일,부투일,2025-06-18 15:48:19.335
510,44,50,Rodri,로드리,로드리,2025-06-18 17:29:45.458
516,129718,541,Jude Bellingham,주드 벨링햄,벨링햄,2025-06-18 19:06:14.291
522,736,541,Fran García,프란 가르시아,가르시아,2025-06-18 19:06:14.416
526,10122,2932,Renan Lodi,레난 로디,로디,2025-06-18 19:06:14.916
531,44362,2932,Hassan Al Tambakti,하산 알 탐박티,알 탐박티,2025-06-18 19:06:14.986
545,175,157,E. Dier,에릭 다이어,다이어,2025-06-18 19:26:36.110
555,16805,2865,Rami Rabia,라미 라비아,라비아,2025-06-19 03:15:53.719
565,44069,2865,Y. Nader,와디 나더,나더,2025-06-19 03:15:55.115
570,51620,121,Facundo Torres,파쿤도 토레스,토레스,2025-06-19 16:51:16.926
571,135836,1577,Yahia Attiyat Allah,야히아 앗티야트 알라,앗티야트 알라,2025-06-19 16:51:17.692
583,2560,127,Erick Pulgar,에릭 풀가르,풀가르,2025-06-20 19:32:59.204
589,30408,127,Gerson,게르손,게르손,2025-06-20 19:32:59.264
601,49437,980,Mohamed Ben Ali,모하메드 벤 알리,벤 알리,2025-06-20 20:45:17.800
608,10570,980,Yan Sasse,얀 사세,사세,2025-06-20 20:45:17.875
613,403877,980,Abdramane Konate,아브라만 코나테,코나테,2025-06-20 20:45:18.203
617,392270,49,M. Guiu,엠. 구이우,구이우,2025-06-20 20:45:37.881
624,94416,2537,J. Manuel,J. 마누엘,마누엘,2025-06-20 20:45:48.179
630,383826,1350,J. Dornelly,제이 도넬리,도넬리,2025-06-20 21:03:10.406
637,158644,165,M. Beier,엠 바이어,바이어,2025-06-21 17:43:46.525
645,316519,124,Facundo Bernal,파쿤도 베르날,베르날,2025-06-22 07:34:07.382
647,389,2282,Jesús Corona,헤수스 코로나,코로나,2025-06-22 07:36:20.149
657,19179,66,T. Mings,티. 밍스,밍스,2025-06-22 12:13:36.047
659,138931,66,J. Philogene,제이 필로진,필로진,2025-06-22 12:13:37.771
660,13489,66,J. Durán,J. 두란,두란,2025-06-22 12:13:37.772
113,747,33,Casemiro,카세미루,카세미루,2025-06-15 18:01:07.033
115,157997,33,A. Diallo,아부바카르 디알로,디알로,2025-06-15 18:01:07.138
121,19354,66,E. Konsa,이사이아 콘사,콘사,2025-06-15 18:01:07.420
126,19191,66,J. McGinn,제이 맥긴,맥긴,2025-06-15 18:01:07.593
131,18869,35,A. Smith,에이 스미스,스미스,2025-06-15 18:01:15.760
135,19245,35,M. Tavernier,엠 타버니에,타버니에,2025-06-15 18:01:15.798
141,18741,46,C. Coady,C. 코디,코디,2025-06-15 18:01:15.837
147,283290,46,K. McAteer,케빈 맥아티어,맥아티어,2025-06-15 18:01:15.867
151,296458,35,D. Jebbison,D. 제비슨,제비슨,2025-06-15 18:01:16.953
157,303467,46,I. Fatawu,이. 파타우,파타우,2025-06-15 18:01:17.400
218,130,39,Nélson Semedo,넬손 세메도,세메도,2025-06-15 18:38:37.094
223,2032,39,J. Strand Larsen,스트란드 라르센,라르센,2025-06-15 18:38:37.727
237,19128,45,J. Harrison,제이 해리슨,해리슨,2025-06-15 09:50:21.015
238,169,34,K. Trippier,케이 트리피어,트리피어,2025-06-15 09:50:22.134
241,18941,34,M. Targett,엠 타겟,타겟,2025-06-15 09:50:22.561
246,19617,157,Michael Olise,마이클 올리세,올리세,2025-06-15 16:46:44.942
253,8,157,Raphaël Guerreiro,라파엘 게레이루,게레이루,2025-06-15 16:46:44.988
254,38855,2537,Conor Tracey,코너 트레이시,트레이시,2025-06-15 16:46:45.374
261,198532,2537,Nathan Lobo,네이단 로보,로보,2025-06-15 16:46:45.385
270,38894,2537,A. Kilkolly,에이 킬콜리,킬콜리,2025-06-15 17:33:26.957
276,47566,530,Javi Galán,하비 갈란,갈란,2025-06-15 18:11:58.951
282,106485,121,Maurício,마우리시오,마우리시오,2025-06-15 22:12:07.913
288,51466,121,Joaquín Piquerez,호아킴 피케레스,피케레스,2025-06-15 22:12:07.927
291,195104,121,Richard Ríos,리처드 리오스,리오스,2025-06-15 22:12:07.988
293,336596,212,Martim Fernandes,마르팀 페르난데스,페르난데스,2025-06-15 22:12:08.299
294,404097,212,Rodrigo Mora,로드리고 모라,모라,2025-06-15 22:12:08.304
301,295513,121,Flaco Lopez,플라코 로페즈,로페즈,2025-06-15 23:38:00.225
308,362711,120,Jair,자이르,자이르,2025-06-16 04:11:23.850
315,9218,120,Marlon Freitas,마를론 프라이타스,프라이타스,2025-06-16 04:11:23.859
318,103292,1595,Jackson Ragen,잭슨 레이겐,레이겐,2025-06-16 04:11:24.326
324,51212,1595,Albert Rusnák,알버트 루스낙,루스낙,2025-06-16 04:11:24.332
331,1854,120,J. Correa,J. 코레아,코레아,2025-06-16 04:11:25.274
332,265762,1595,R. Baker-Whiting,알 베이커-화이팅,베이커-화이팅,2025-06-16 04:11:25.274
341,21437,1616,Denis Bouanga,드니 부앙가,부앙가,2025-06-16 18:36:32.974
348,356814,1616,D. Martinez,디 마르티네스,마르티네스,2025-06-16 19:41:16.905
354,2295,1616,O. Giroud,올리비에 지루,지루,2025-06-16 21:22:38.357
362,11463,451,Carlos Palacios,카를로스 파라시오스,파라시오스,2025-06-16 21:23:19.665
372,30509,211,A. Belotti,A. 벨로티,벨로티,2025-06-16 23:12:48.033
380,10222,124,Everaldo,에베랄도,에베랄도,2025-06-17 16:21:03.469
386,266267,124,Hércules,헤르쿨레스,헤르쿨레스,2025-06-17 16:21:03.618
390,18970,165,Pascal Groß,파스칼 그로스,그로스,2025-06-17 16:21:04.114
397,198654,165,Daniel Svensson,다니엘 스벤손,스벤손,2025-06-17 16:21:04.190
401,2468,435,Gonzalo Montiel,곤잘로 몬티엘,몬티엘,2025-06-18 03:50:30.460
405,214,435,Facundo Colidio,파쿤도 콜리디오,콜리디오,2025-06-18 03:50:30.564
414,30931,287,Samuel Gustafson,사무엘 구스타프손,구스타프손,2025-06-18 03:50:30.695
420,119662,287,Yusuke Matsuo,유스케 마츠오,마츠오,2025-06-18 03:50:30.760
421,13523,124,G. Cano,지 카노,카노,2025-06-18 03:56:03.382
428,286894,165,J. Gittens,J. 기텐스,기텐스,2025-06-18 03:56:03.449
429,6379,435,Giuliano Galoppo,주리아노 갈로포,갈로포,2025-06-17 20:07:27.018
431,9933,435,Miguel Borja,미겔 보르하,보르하,2025-06-17 20:12:36.896
436,33101,287,T. Ogiwara,T. 오기와라,오기와라,2025-06-17 20:45:04.167
437,25379,287,G. Haraguchi,G. 하라구치,하라구치,2025-06-17 20:49:14.900
438,5988,435,M. Casco,엠 카스코,카스코,2025-06-17 20:50:44.898
444,2903,2767,Woo-Young Jung,정우영,정우영,2025-06-17 22:21:46.034
450,305835,2699,Arthur Sales,아서 살레스,살레스,2025-06-17 22:21:46.484
462,2907,2767,Lee Jin-Hyun,이진현,이진현,2025-06-18 00:39:38.376
463,34149,2767,H. Lee,이흥규,이흥규,2025-06-18 00:40:08.375
471,36471,2282,Ricardo Chávez,리카르도 차베스,차베스,2025-06-18 05:36:36.735
477,1570,2282,Sergio Canales,세르히오 카날레스,카날레스,2025-06-18 05:36:36.743
495,307123,50,Nico O'Reilly,니코 오라일리,오라일리,2025-06-18 15:48:18.715
498,41440,968,Fahd Moufi,파드 무피,무피,2025-06-18 15:48:19.193
505,382989,968,Cassius Mailula,카시우스 마일룰라,마일룰라,2025-06-18 15:48:19.336
506,2719,968,Nordin Amrabat,노르딘 암라바트,암라바트,2025-06-18 15:48:19.338
511,46714,968,M. Malsa,엠 말사,말사,2025-06-18 17:29:45.461
517,341640,541,Raúl Asencio,라울 아센시오,아센시오,2025-06-18 19:06:14.359
523,730,541,Thibaut Courtois,티보 쿠르투아,쿠르투아,2025-06-18 19:06:14.416
527,2676,2932,Rúben Neves,루벤 네베스,네베스,2025-06-18 19:06:14.982
530,855,2932,João Cancelo,죠아우 캔셀루,캔셀루,2025-06-18 19:06:14.985
546,47516,168,Aleix García,알렉스 가르시아,가르시아,2025-06-18 19:26:36.178
556,6622,2865,Matías Palacios,마티아스 파라시오스,파라시오스,2025-06-19 03:15:53.721
567,0,2865,J. Udoh,제이 우도,우도,2025-06-19 03:15:55.117
572,307835,85,Lucas Beraldo,루카스 베랄도,베랄도,2025-06-20 05:40:44.034
573,326,120,Allan,알란,알란,2025-06-20 05:40:44.530
575,455130,120,A. Montoro,에이 몬토로,몬토로,2025-06-20 05:40:45.500
577,31,530,José María Giménez,호세 마리아 히메네스,마리아 히메네스,2025-06-20 05:40:54.596
579,362441,1595,Georgi Minoungou,조르지 미눈구,미눈구,2025-06-20 05:40:55.570
584,2289,127,Jorginho,조르지뉴,조르지뉴,2025-06-20 19:32:59.205
590,11756,127,Agustín Rossi,아구스틴 로시,로시,2025-06-20 19:32:59.274
603,1597,980,Yassine Meriah,야신 메리아,메리아,2025-06-20 20:45:17.803
614,330170,980,Elias Mokwana,엘리아스 목와나,목와나,2025-06-20 20:45:18.208
619,166984,2537,M. Ellis,엠 엘리스,엘리스,2025-06-20 20:45:48.109
625,405360,45,H. Armstrong,에이치 암스트롱,암스트롱,2025-06-20 21:03:09.659
628,385481,1350,D. O'Brien-Brady,디. 오브라이언-브레이디,오브라이언-브레이디,2025-06-20 21:03:10.338
632,301322,569,K. Sabbe,케이 샤베,샤베,2025-06-20 21:04:36.775
114,19599,66,E. Martínez,이. 마르티네스,마르티네스,2025-06-15 18:01:07.138
120,138816,66,I. Maatsen,이. 마찬,마찬,2025-06-15 18:01:07.420
133,1150,35,T. Adams,티 에덤스,에덤스,2025-06-15 18:01:15.771
138,19281,35,A. Semenyo,에이 셈뇨,셈뇨,2025-06-15 18:01:15.806
144,152969,46,L. Thomas,엘 토마스,토마스,2025-06-15 18:01:15.845
150,1098,46,P. Daka,페트로스 다카,다카,2025-06-15 18:01:15.870
152,460853,46,J. Monga,제이 몽가,몽가,2025-06-15 18:01:16.956
156,19004,46,B. De Cordova-Reid,비. 데 코르도바-리드,데 코르도바-리드,2025-06-15 18:01:17.382
219,3080,39,M. Munetsi,엠 무네치,무네치,2025-06-15 18:38:37.094
222,196156,55,Thiago,티아고,아고,2025-06-15 18:38:37.726
225,195717,39,Y. Mosquera,와싱턴 모스케라,모스케라,2025-06-15 18:38:37.951
239,284492,34,L. Hall,엘 홀,홀,2025-06-15 09:50:22.553
255,93073,2537,Michael Den Heijer,마이클 덴 하이어,덴 하이어,2025-06-15 16:46:45.377
260,94388,2537,Regont Murati,레곤트 무라티,무라티,2025-06-15 16:46:45.384
247,972,157,Jonathan Tah,요나단 타,타,2025-06-15 16:46:44.945
271,33978,2537,R. de Vries,알 드 브리스,드 브리스,2025-06-15 17:33:26.961
277,133,530,Clément Lenglet,클레멘 랑글레,랑글레,2025-06-15 18:11:58.953
283,340279,121,Vitor Roque,비토르 로크,로크,2025-06-15 22:12:07.921
289,2502,121,Gustavo Gómez,구스타보 고메스,고메스,2025-06-15 22:12:07.928
295,41964,212,Zé Pedro,제 페드로,페드로,2025-06-15 22:12:08.305
299,987,121,Paulinho,파울리뉴,파울리뉴,2025-06-15 23:26:30.365
302,35570,212,S. Eustaquio,S. 유스타키오,유스타키오,2025-06-15 23:38:30.227
309,51214,120,Jefferson Savarino,제퍼슨 사바리노,사바리노,2025-06-16 04:11:23.852
317,51107,1595,Nouhou Tolo,누우후 톨로,톨로,2025-06-16 04:11:24.324
326,51114,1595,Cristian Roldán,크리스티안 롤단,롤단,2025-06-16 04:11:24.398
335,194847,1595,J. Bell,제이 벨,벨,2025-06-16 04:11:25.276
342,366531,1616,Nathan Ordaz,네이단 오르다즈,오르다즈,2025-06-16 18:36:32.976
349,161948,49,L. Delap,엘 델랩,델랩,2025-06-16 21:22:38.277
355,288750,451,Ayrton Costa,에어턴 코스타,코스타,2025-06-16 21:23:19.522
357,6082,451,Nicolás Figal,니콜라스 피갈,피갈,2025-06-16 21:23:19.597
361,288707,451,Kevin Zenón,케빈 세논,세논,2025-06-16 21:23:19.665
367,39043,211,Fredrik Aursnes,프레드릭 아우르스네스,아우르스네스,2025-06-16 21:23:20.095
373,59229,451,M. Gimenez,엠 히메네스,히메네스,2025-06-16 23:25:27.960
374,37155,211,O. Kokcu,오르칸 코크쥬,코크쥬,2025-06-16 23:27:57.948
381,13708,124,Jhon Arias,존 아리아스,아리아스,2025-06-17 16:21:03.545
387,259,124,Thiago Silva,티아고 실바,실바,2025-06-17 16:21:03.620
391,24845,165,Julian Ryerson,줄리안 라이어슨,라이어슨,2025-06-17 16:21:04.116
395,1159,165,Marcel Sabitzer,마르첼 자비처,자비처,2025-06-17 16:21:04.188
402,5997,435,Nacho Fernández,나초 페르난데스,페르난데스,2025-06-18 03:50:30.461
408,449249,435,Franco Mastantuono,프랑코 마스탄투오노,마스탄투오노,2025-06-18 03:50:30.629
411,33093,287,Shusaku Nishikawa,스사쿠 니시카와,니시카와,2025-06-18 03:50:30.682
417,33643,287,Ryoma Watanabe,료마 와타나베,와타나베,2025-06-18 03:50:30.748
422,70849,124,K. Serna,케빈 세르나,세르나,2025-06-18 03:56:03.382
427,197448,165,Y. Couto,와가너 쿠토,쿠토,2025-06-18 03:56:03.449
430,35550,435,M. Meza,엠 메사,메사,2025-06-17 20:07:27.020
439,47706,2767,Gustav Ludwigson,구스타브 루드비그손,루드비그손,2025-06-17 22:21:46.024
445,2905,2767,Chung-yong Lee,이청용,이청용,2025-06-17 22:21:46.035
452,46601,2699,Khuliso Mudau,쿨리소 무다우,무다우,2025-06-17 22:21:46.484
459,3287,2699,Teboho Mokoena,테보호 모코에나,모코에나,2025-06-17 22:21:46.489
464,0,2699,K. Lethlaku,케이 레슬라쿠,레슬라쿠,2025-06-18 00:43:18.383
467,34547,2767,Kang Sang-Woo,강상우,강상우,2025-06-18 00:46:18.375
472,35774,2282,Gerardo Arteaga,헤라르도 아르테아가,아르테아가,2025-06-18 05:36:36.740
478,2462,2282,Esteban Andrada,에스테반 안드라다,안드라다,2025-06-18 05:36:36.745
487,348205,505,P. Sucic,피터 수치치,수치치,2025-06-18 05:36:38.226
496,414359,50,Vitor Reis,비토르 레이스,레이스,2025-06-18 15:48:18.717
500,37578,968,Bart Meijers,바르트 마이어스,마이어스,2025-06-18 15:48:19.197
507,294299,968,Oussama Zemraoui,우삼마 젬라우이,젬라우이,2025-06-18 15:48:19.340
512,119883,968,S. Obeng,에스 오벵,오벵,2025-06-18 17:29:45.464
518,336711,541,Gonzalo García,곤잘로 가르시아,가르시아,2025-06-18 19:06:14.361
525,2701,2932,Bono,보노,보노,2025-06-18 19:06:14.916
532,1856,2932,Sergej Milinković-Savić,세르게이 밀린코비치-사비치,밀린코비치-사비치,2025-06-18 19:06:14.989
534,267771,2932,Marcos Leonardo,마르코스 레오나르도,레오나르도,2025-06-18 19:06:15.061
550,2674,2865,Rui Patrício,루이 파트리시오,파트리시오,2025-06-19 03:15:53.581
552,323371,2865,Marcel Ratnik,마르셀 라트닉,라트닉,2025-06-19 03:15:53.656
557,36579,2865,Soufiane Rahimi,수피안 라히미,라히미,2025-06-19 03:15:53.729
563,116,496,Khéphren Thuram,케프렌 투람,투람,2025-06-19 03:15:54.160
569,47522,496,Douglas Luiz,더글라스 루이즈,루이즈,2025-06-19 03:15:55.122
574,277169,120,Newton,뉴턴,뉴턴,2025-06-20 05:40:45.488
576,415232,1595,Kalani Kossa-Rienzi,칼라니 코사-리엔지,코사-리엔지,2025-06-20 05:40:53.944
578,6503,530,Nahuel Molina,나우엘 몰리나,몰리나,2025-06-20 05:40:55.560
585,1771,127,Ayrton Lucas,아이르톤 루카스,루카스,2025-06-20 19:32:59.207
592,22238,127,Luiz Araújo,루이즈 아라우주,아라우주,2025-06-20 19:32:59.277
604,135059,980,Amine Ben Hmida,아민 벤 흐미다,벤 흐미다,2025-06-20 20:45:17.860
615,344508,980,Mohamed Wael Derbali,모하메드 와엘 데르발리,와엘 데르발리,2025-06-20 20:45:18.260
620,159395,2537,C. Gray,그레이,그레이,2025-06-20 20:45:48.110
626,18755,45,João Virgínia,조앙 비르지니아,비르지니아,2025-06-20 21:03:09.729
633,15683,569,G. Nilsson,지. 닐슨,닐슨,2025-06-20 21:04:38.441
638,10311,124,Ganso,간소,간소,2025-06-22 07:34:05.752
643,16847,124,Keno,케노,케노,2025-06-22 07:34:07.371
644,224658,2767,Yool Heo,허율,허율,2025-06-22 07:34:07.373
646,2550,435,Paulo Díaz,파울로 디아즈,디아즈,2025-06-22 07:36:19.530
648,1211,435,M. Kranevitter,엠 크라네비테르,크라네비테르,2025-06-22 07:36:21.037
31,483,85,K. Kvaratskhelia,케이브라츠클리아,이브라츠클리아,2025-06-15 18:00:20.509
34,153,85,O. Dembélé,오스만 덤벨레,덤벨레,2025-06-15 18:00:20.510
37,16367,85,W. Pacho,W. 파초,파초,2025-06-15 18:00:20.532
39,30558,505,N. Barella,엔조 바렐라,바렐라,2025-06-15 18:00:20.532
42,263482,85,Nuno Mendes,누누 멘데스,멘데스,2025-06-15 18:00:20.554
44,1457,505,H. Mkhitaryan,H. 미키타리안,미키타리안,2025-06-15 18:00:20.554
47,217,505,L. Martínez,엘 마르티네스,마르티네스,2025-06-15 18:00:20.569
52,328,85,Fabián Ruiz,파비안 루이스,루이스,2025-06-15 18:00:20.594
54,10238,505,Carlos Augusto,카를로스 아우구스투,아우구스투,2025-06-15 18:00:21.148
58,290,40,V. van Dijk,브이 반 다이크,반 다이크,2025-06-15 18:00:47.081
61,180317,40,C. Bradley,C. 브래들리,브래들리,2025-06-15 18:00:47.112
67,2489,40,L. Díaz,엘 디아즈,디아즈,2025-06-15 18:00:47.168
70,20995,52,M. Lacroix,엠 라크루아,라크루아,2025-06-15 18:00:47.186
73,18806,52,W. Hughes,W. 휴즈,휴즈,2025-06-15 18:00:47.223
75,2601,52,D. Kamada,D. 카마다,카마다,2025-06-15 18:00:47.234
79,288102,52,A. Wharton,에이 워튼,워튼,2025-06-15 18:00:49.266
82,3339,52,C. Doucoure,C. 두쿠레,두쿠레,2025-06-15 18:00:49.277
85,131,36,Jorge Cuenca,호르헤 쿠엔카,쿠엔카,2025-06-15 18:00:57.673
88,657,36,K. Tete,케네디 테테,테테,2025-06-15 18:00:57.681
91,899,36,Andreas Pereira,안드레아스 페레이라,페레이라,2025-06-15 18:00:57.720
94,2823,36,S. Lukić,에스 루키치,루키치,2025-06-15 18:00:57.726
97,41621,50,Matheus Nunes,마테우스 누네스,누네스,2025-06-15 18:00:57.756
100,129033,50,J. Gvardiol,J. 그바르디올,그바르디올,2025-06-15 18:00:57.768
102,81573,50,Omar Marmoush,오마르 마르무쉬,마르무쉬,2025-06-15 18:00:57.784
1120,163189,34,M. Thiaw,엠 티아우,티아우,2025-08-25 20:42:51.488
108,889,33,V. Lindelöf,빅토르 린델로프,린델로프,2025-06-15 18:01:06.952
111,2935,33,H. Maguire,해리 맥과이어,맥과이어,2025-06-15 18:01:06.953
116,382452,33,P. Dorgu,피 도르구,도르구,2025-06-15 18:01:07.139
117,19220,33,M. Mount,엠 마운트,마운트,2025-06-15 18:01:07.139
118,288006,33,R. Højlund,알 호이룬,호이룬,2025-06-15 18:01:07.139
122,46815,66,Pau Torres,파우 토레스,토레스,2025-06-15 18:01:07.421
123,1904,66,B. Kamara,비. 카마라,카마라,2025-06-15 18:01:07.421
124,162714,66,A. Onana,에이 오나나,오나나,2025-06-15 18:01:07.421
127,19366,66,O. Watkins,오. 왓킨스,왓킨스,2025-06-15 18:01:07.593
128,746,66,Marco Asensio,마르코 아센시오,아센시오,2025-06-15 18:01:07.601
130,206254,35,M. Kerkez,엠 케르케즈,케르케즈,2025-06-15 18:01:15.756
132,161671,35,I. Zabarnyi,이. 자바르니,자바르니,2025-06-15 18:01:15.760
134,6610,35,M. Senesi,엠 세네시,세네시,2025-06-15 18:01:15.772
137,18870,35,D. Brooks,D. 브룩스,브룩스,2025-06-15 18:01:15.799
139,152970,46,J. Stolarczyk,J. 스톨라르치크,스톨라르치크,2025-06-15 18:01:15.808
140,152856,35,Evanilson,에바닐손,바닐손,2025-06-15 18:01:15.811
143,19760,46,J. Justin,제이 저스틴,저스틴,2025-06-15 18:01:15.838
145,180,46,O. Skipp,오. 스킵,스킵,2025-06-15 18:01:15.847
146,22233,46,B. Soumaré,비. 수마레,수마레,2025-06-15 18:01:15.855
148,3428,46,J. Ayew,제이 아예우,아예우,2025-06-15 18:01:15.867
149,158710,46,V. Kristiansen,브레이튼 크리스티안센,크리스티안센,2025-06-15 18:01:15.868
153,402432,35,B. Winterburn,비. 윈터번,윈터번,2025-06-15 18:01:16.957
154,417310,46,O. Aluko,오. 알루코,알루코,2025-06-15 18:01:16.969
155,363333,35,J. Soler,J. 솔레르,솔레르,2025-06-15 18:01:16.980
158,25287,47,K. Danso,K. 단소,단소,2025-06-15 18:01:36.307
159,47519,47,Pedro Porro,페드로 포로,포로,2025-06-15 18:01:36.307
160,152849,47,M. van de Ven,엠 반 더 벤,반 더 벤,2025-06-15 18:01:36.307
162,204039,47,D. Udogie,D. 우도기,우도기,2025-06-15 18:01:36.309
161,31354,47,G. Vicario,지 비카리오,비카리오,2025-06-15 18:01:36.309
163,328089,47,A. Gray,에이 그레이,그레이,2025-06-15 18:01:36.325
164,237129,47,P. Sarr,P. 사르,사르,2025-06-15 18:01:36.339
165,18883,47,D. Solanke,D. 솔랭케,솔랭케,2025-06-15 18:01:36.339
166,129711,47,B. Johnson,비. 존슨,존슨,2025-06-15 18:01:36.340
167,863,47,R. Bentancur,로드리고 벤탄쿠르,벤탄쿠르,2025-06-15 18:01:36.341
168,270510,47,M. Tel,엠 텔,텔,2025-06-15 18:01:36.342
169,129058,51,B. Verbruggen,비. 베르브루헨,베르브루헨,2025-06-15 18:01:36.354
170,92993,51,M. Wieffer,엠. 위퍼,위퍼,2025-06-15 18:01:36.371
171,19265,51,A. Webster,에이 웹스터,웹스터,2025-06-15 18:01:36.372
172,7600,51,Igor Julio,이고르 후리오,후리오,2025-06-15 18:01:36.372
173,38695,51,J. van Hecke,제이 반 헤커,반 헤커,2025-06-15 18:01:36.372
174,301771,51,S. Adingra,에스 아딩그라,아딩그라,2025-06-15 18:01:36.372
175,356041,51,C. Baleba,C. 발레바,발레바,2025-06-15 18:01:36.390
176,265820,51,Y. Ayari,와세드 아야리,아야리,2025-06-15 18:01:36.399
177,305730,51,J. Hinshelwood,J. 힌셀우드,힌셀우드,2025-06-15 18:01:36.399
178,383685,51,Y. Minteh,와이 민테,민테,2025-06-15 18:01:36.400
179,328225,51,B. Gruda,비. 그루다,그루다,2025-06-15 18:01:36.403
180,19030,51,M. O'Riley,엠 오라일리,오라일리,2025-06-15 18:01:37.421
181,278370,51,D. Gómez,D. 고메스,고메스,2025-06-15 18:01:37.423
182,296,51,J. Milner,제임스 밀너,밀너,2025-06-15 18:01:37.429
183,537,51,J. Veltman,제프리 펠트만,펠트만,2025-06-15 18:01:37.429
184,162552,47,D. Scarlett,D. 스칼렛,스칼렛,2025-06-15 18:01:37.942
185,18973,51,S. March,에스 마르치,마르치,2025-06-15 18:01:37.942
186,18960,51,J. Steele,제이 스틸,스틸,2025-06-15 18:01:37.942
187,90590,51,G. Rutter,지 러터,러터,2025-06-15 18:01:37.943
188,138815,51,T. Lamptey,티 램프테이,램프테이,2025-06-15 18:01:37.943
189,1361,51,F. Kadioglu,F. 카디올루,카디올루,2025-06-15 18:01:37.943
216,135068,39,E. Agbadou,에. 아그바두,아그바두,2025-06-15 18:38:37.085
1280,550,194,K. Dolberg,케빈 돌베르그,돌베르그,2025-10-01 02:22:51.711
191,138780,65,N. Williams,엔 윌리엄스,윌리엄스,2025-06-15 18:20:09.659
193,2919,65,M. Sels,엠 셀스,셀스,2025-06-15 18:20:09.661
194,6056,65,N. Domínguez,엔 도밍게스,도밍게스,2025-06-15 18:20:09.660
196,153430,65,A. Elanga,A. 엘랑가,엘랑가,2025-06-15 18:20:09.691
197,18931,65,C. Wood,C. 우드,우드,2025-06-15 18:20:09.692
199,22149,65,I. Sangaré,이. 상가레,상가레,2025-06-15 18:20:09.693
204,152953,49,L. Colwill,엘 콜윌,콜윌,2025-06-15 18:20:09.720
210,136723,49,N. Madueke,엔 매두에케,매두에케,2025-06-15 18:20:09.751
213,380492,65,E. da Silva Moreira,에다 실바 모레이라,실바 모레이라,2025-06-15 18:20:10.572
226,17597,57,D. O'Shea,디 오쉐어,오쉐어,2025-06-15 09:47:31.874
228,2938,48,J. Ward-Prowse,제임스 워드-프라우스,워드-프라우스,2025-06-15 09:47:32.441
230,161948,57,L. Delap,엘 델랩,델랩,2025-06-15 09:47:33.454
242,15884,45,J. Lindstrom,제이 린드스트롬,린드스트롬,2025-06-15 09:50:22.561
248,502,157,Joshua Kimmich,조슈아 킴미히,킴미히,2025-06-15 16:46:44.946
256,166981,2537,Gerard Garriga,제라르 가리가,가리가,2025-06-15 16:46:45.377
264,510,157,S. Gnabry,에스 나브리,그나브리,2025-06-15 17:07:27.482
272,38832,2537,A. Rogers,에이 로저스,로저스,2025-06-15 17:43:38.963
278,323935,530,Giuliano Simeone,주리아노 시메오네,시메오네,2025-06-15 18:11:59.012
284,10083,121,Murilo,무릴로,무릴로,2025-06-15 22:12:07.925
290,306706,121,Agustín Giay,아구스틴 기아이,기아이,2025-06-15 22:12:07.929
296,182504,212,Gabri Veiga,가브리 베이가,베이가,2025-06-15 22:12:08.306
303,414544,212,T. Perez,테오 파레즈,파레즈,2025-06-15 23:43:00.229
304,21095,121,Lucas Evangelista,루카스 에반젤리스타,에반젤리스타,2025-06-15 23:48:40.221
310,10040,120,Artur,아르투르,아르투르,2025-06-16 04:11:23.856
320,1756,1595,Ryan Kent,라이언 켄트,켄트,2025-06-16 04:11:24.330
334,6200,1595,P. de La Vega,피 데 라 베가,데 라 베가,2025-06-16 04:11:25.276
337,50814,1616,Marky Delgado,마키 델가도,델가도,2025-06-16 18:36:32.842
343,322067,1616,Igor Jesus,이고르 제주스,제주스,2025-06-16 18:36:32.978
347,1261,1616,Sergi Palencia,세르지 파렌시아,파렌시아,2025-06-16 18:36:32.990
351,308678,49,D. Essugo,D. 에수고,에수고,2025-06-16 21:22:38.279
360,1484,451,Rodrigo Battaglia,로드리고 바딜리아,바딜리아,2025-06-16 21:23:19.656
363,2419,451,Luis Advíncula,루이스 아드빙쿨라,아드빙쿨라,2025-06-16 21:23:19.668
366,331832,211,António Silva,안토니오 실바,실바,2025-06-16 21:23:20.094
375,142959,211,K. Akturkoglu,K. 악투르코글루,악투르코글루,2025-06-16 23:27:57.953
382,6337,124,Juan Freytes,후안 프레이테스,프레이테스,2025-06-17 16:21:03.571
389,10396,124,Nonato,노나토,노나토,2025-06-17 16:21:03.621
393,984,165,Julian Brandt,줄리안 브란트,브란트,2025-06-17 16:21:04.185
403,2463,435,Franco Armani,프랑코 아르마니,아르마니,2025-06-18 03:50:30.461
409,1222,435,Sebastián Driussi,세바스티안 드리우시,드리우시,2025-06-18 03:50:30.631
410,33931,287,Hirokazu Ishihara,히로카즈 이시하라,이시하라,2025-06-18 03:50:30.681
419,10474,287,Matheus Sávio,마테우스 사비오,사비오,2025-06-18 03:50:30.748
423,50532,124,Lima,리마,리마,2025-06-18 03:56:03.395
432,8508,287,T. Sekine,타카히로 세키네,세키네,2025-06-17 20:45:04.090
440,404921,2767,Myeong-kwan Seo,서명관,서명관,2025-06-17 22:21:46.024
446,2890,2767,Hyeon-woo Jo,조현우,조현우,2025-06-17 22:21:46.038
449,2898,2767,Young-Gwon Kim,김영권,김영권,2025-06-17 22:21:46.096
454,3289,2699,Themba Zwane,템바 쥬완느,쥬완느,2025-06-17 22:21:46.486
458,3064,2699,Divine Lunga,디바인 룽가,룽가,2025-06-17 22:21:46.488
465,99017,2699,B. J. Aubaas,비에르케이 아우바메양,아우바메양,2025-06-18 00:43:18.389
466,3292,2699,L. Mothiba,엘 모티바,모티바,2025-06-18 00:43:48.388
473,738,2282,Sergio Ramos,세르히오 라모스,라모스,2025-06-18 05:36:36.741
486,351920,2282,J. Rojas,제이 로하스,로하스,2025-06-18 05:36:38.157
488,389309,33,C. Obi,C. 오비,오비,2025-06-18 06:41:26.355
491,427736,55,Gustavo Nunes,구스타보 누네스,누네스,2025-06-18 06:41:27.220
492,284400,33,T. Collyer,티. 콜리어,콜리어,2025-06-18 06:41:27.604
1190,18946,400,M. Elyounoussi,모하메드 엘요노시,엘요노시,2025-09-20 11:19:09.346
501,194736,968,El Mehdi Moubarik,엘 메디 무바릭,메디 무바릭,2025-06-18 15:48:19.197
508,3290,968,Thembinkosi Lorch,템빈코시 로치,로치,2025-06-18 15:48:19.341
513,294298,968,I. Moutaraji,이. 무타라지,무타라지,2025-06-18 17:55:20.852
519,361497,541,Dean Huijsen,딘 휘센,휘센,2025-06-18 19:06:14.410
528,44339,2932,Nasser Al-Dawsari,나세르 알 다우사리,알 다우사리,2025-06-18 19:06:14.983
535,284500,45,T. Iroegbunam,T. 이로에그부남,이로에그부남,2025-06-18 19:26:00.318
536,138822,45,A. Broja,에이 브로자,브로자,2025-06-18 19:26:00.702
538,2294,36,Willian,윌리안,윌리안,2025-06-18 19:26:23.131
541,1157,157,K. Laimer,케빈 라이머,라이머,2025-06-18 19:26:34.637
542,2669,168,Hermoso,에르모소,에르모소,2025-06-18 19:26:35.211
547,41104,157,João Palhinha,조아우 팔리냐,팔리냐,2025-06-18 19:26:36.182
549,343316,168,J. Belocian,제이 벨로시안,벨로시안,2025-06-18 19:26:36.558
551,387805,2865,Abdoul Traoré,아부둘 트라오레,트라오레,2025-06-19 03:15:53.653
558,36679,2865,Kodjo Fo Doh Laba,코조 포 도 라바,포 도 라바,2025-06-19 03:15:53.735
562,161585,496,Francisco Conceição,프란시스코 콘세이송,콘세이송,2025-06-19 03:15:54.159
568,36899,496,T. Koopmeiners,티 쿠프메이너스,쿠프메이너스,2025-06-19 03:15:55.120
580,397205,2537,Nathan Garrow,네이단 가로우,가로우,2025-06-20 16:18:12.601
586,10124,127,Léo Pereira,레오 페레이라,페레이라,2025-06-20 19:32:59.208
595,1290,127,Guillermo Varela,기예르모 바렐라,바렐라,2025-06-20 20:45:17.188
600,101221,980,Chiheb Jbéli,치헵 제벨리,제벨리,2025-06-20 20:45:17.800
605,404599,980,Onuche Ogbelu,오누체 오그벨루,오그벨루,2025-06-20 20:45:17.864
611,2414,127,Everton,에버턴,에버턴,2025-06-20 20:45:18.199
616,397444,980,Raed Bouchniba,라에드 부치니바,부치니바,2025-06-20 20:45:18.262
621,158065,211,T. Gouveia,티 고베이아,고베이아,2025-06-20 20:45:48.111
627,138417,45,N. Patterson,엔. 패터슨,패터슨,2025-06-20 21:03:09.734
629,303015,1350,J. Katongo,제이 카통고,카통고,2025-06-20 21:03:10.343
634,314265,569,B. Meijer,비. 마이어,마이어,2025-06-20 21:04:38.442
635,25358,1616,J. Dilrosun,제이 딜로슨,딜로슨,2025-06-20 23:41:06.383
639,13572,124,Gabriel Fuentes,가브리엘 푠테스,푠테스,2025-06-22 07:34:05.759
641,34647,2767,Jae-ik Lee,이재익,이재익,2025-06-22 07:34:06.396
655,627,50,K. Walker,K. 워커,워커,2025-06-22 12:13:29.384
200,138908,65,E. Anderson,이안더슨,안더슨,2025-06-15 18:20:09.693
203,19545,49,R. James,알 제임스,제임스,2025-06-15 18:20:09.719
211,18,49,J. Sancho,제이 산초,산초,2025-06-15 18:20:09.751
215,422780,49,A. Anselmino,에이 앤셀미노,앤셀미노,2025-06-15 18:20:10.582
227,284428,57,O. Hutchinson,오스틴 허친슨,허친슨,2025-06-15 09:47:31.876
229,18744,48,M. Kilman,엠 킬만,킬만,2025-06-15 09:47:32.443
231,2476,48,G. Rodríguez,지 로드리게스,로드리게스,2025-06-15 09:47:33.459
232,19130,57,K. Phillips,K. 필립스,필립스,2025-06-15 09:47:33.830
250,508,157,Kingsley Coman,킹슬리 코만,코만,2025-06-15 16:46:44.952
259,15952,2537,Nikko Boxall,니코 복스올,복스올,2025-06-15 16:46:45.384
265,494131,157,L. Karl,엘 칼,칼,2025-06-15 17:07:57.479
273,431921,157,A. Aznou,에이 아즈누,아즈누,2025-06-15 17:44:32.712
279,50,530,Koke,코케,코케,2025-06-15 20:12:21.555
285,2410,121,Weverton,웨버톤,웨버톤,2025-06-15 22:12:07.925
292,6347,121,Aníbal Moreno,아니발 모레노,모레노,2025-06-15 22:12:07.994
305,5933,120,Alexander Barboza,알렉산더 바르보자,바르보자,2025-06-16 04:11:23.778
311,378,120,Alex Telles,알렉스 텔레스,텔레스,2025-06-16 04:11:23.857
312,16669,120,Gonzalo Mastriani,곤잘로 마스트리아니,마스트리아니,2025-06-16 04:11:23.857
319,51142,1595,Jesús Ferreira,제수스 페레이라,페레이라,2025-06-16 04:11:24.330
321,102373,1595,Daniel Musovski,다니엘 무소브스키,무소브스키,2025-06-16 04:11:24.330
330,9938,120,A. Cabral,에이 카브랄,카브랄,2025-06-16 04:11:25.273
336,335553,1595,O. De Rosario,오. 데 로사리오,데 로사리오,2025-06-16 04:11:25.277
338,51134,1616,Ryan Hollingshead,라이언 홀링스헤드,홀링스헤드,2025-06-16 18:36:32.921
344,51242,1616,Jeremy Ebobisse,제레미 에보비세,에보비세,2025-06-16 18:36:32.981
350,50985,1616,F. Amaya,F. 아마야,아마야,2025-06-16 21:22:38.278
356,289444,451,Lautaro Blanco,라우타로 블랑코,블랑코,2025-06-16 21:23:19.594
364,6327,451,Miguel Merentiel,미겔 메렌티엘,메렌티엘,2025-06-16 21:23:19.668
368,135505,211,Samuel Dahl,사무엘 달,달,2025-06-16 21:23:20.096
376,237090,451,E. Zeballos,이. 제발로스,제발로스,2025-06-16 23:32:07.944
377,11424,451,W. H. Alarcon Cepeda,W. H. 알라르콘 세페다,H. 알라르콘 세페다,2025-06-16 23:32:37.982
383,10267,124,Samuel Xavier,사무엘 자비에르,자비에르,2025-06-17 16:21:03.611
398,25368,165,Waldemar Anton,발데마르 안톤,안톤,2025-06-17 16:21:04.193
404,6003,435,Enzo Pérez,엔조 페레스,페레스,2025-06-18 03:50:30.483
412,41961,287,Danilo Boza,다닐로 보자,보자,2025-06-18 03:50:30.682
424,637,165,F. Nmecha,F. 네메차,네메차,2025-06-18 03:56:03.395
433,50886,435,P. Martinez,피에르 마르티네스,마르티네스,2025-06-17 20:45:04.122
441,48124,2767,Darijan Bojanić,다리얀 보야닉,보야닉,2025-06-17 22:21:46.028
447,146018,2767,Erick Farias,에릭 파리아스,파리아스,2025-06-17 22:21:46.038
451,127429,2699,Iqraam Rayners,이크람 레이너스,레이너스,2025-06-17 22:21:46.484
453,35619,2699,Marcelo Allende,마르셀로 야엔데,야엔데,2025-06-17 22:21:46.485
468,46412,2699,M. Mvala,엠. 엠발라,엠발라,2025-06-18 00:52:18.389
474,385,2282,Óliver Torres,올리베르 토레스,토레스,2025-06-18 05:36:36.742
484,167014,2282,F. Ambriz,F. 암브리즈,암브리즈,2025-06-18 05:36:38.155
489,403064,33,H. Amass,에이마스,에이마스,2025-06-18 06:41:26.429
493,156477,50,Rayan Cherki,라얀 셰르키,셰르키,2025-06-18 15:48:18.643
502,269451,968,Mohamed Moufid,모하메드 무피드,무피드,2025-06-18 15:48:19.198
514,81749,968,S. Aziz Ki,에스 아지즈 키,아지즈 키,2025-06-18 17:55:20.852
520,762,541,Vinícius Júnior,비니시우스 주니올,주니올,2025-06-18 19:06:14.411
533,156,2932,Malcom,말콤,말콤,2025-06-18 19:06:15.053
537,19032,36,R. Sessegnon,R. 세세뇽,세세뇽,2025-06-18 19:26:23.125
539,2897,157,Kim Min-Jae,김민재,김민재,2025-06-18 19:26:34.633
543,644,157,L. Sané,레로이 산에,산에,2025-06-18 19:26:36.103
553,156202,2865,Kouame Autonne,코아메 아톤네,아톤네,2025-06-19 03:15:53.657
559,14004,2865,Facundo Zabala,파쿤도 자발라,자발라,2025-06-19 03:15:53.737
564,19263,496,Lloyd Kelly,로이드 켈리,켈리,2025-06-19 03:15:54.165
581,38871,2537,Haris Zeb,하리스 제브,제브,2025-06-20 16:18:12.674
587,618,127,Danilo,다닐로,다닐로,2025-06-20 19:32:59.209
596,10321,127,Pedro,페드로,페드로,2025-06-20 20:45:17.255
598,4569,980,Mohamed Tougai,모하메드 투가이,투가이,2025-06-20 20:45:17.729
606,54106,980,Rodrigo Rodrigues,로드리고 로드리게스,로드리게스,2025-06-20 20:45:17.867
609,10364,127,Michael,마이클,마이클,2025-06-20 20:45:18.193
612,436044,980,Achref Jabri,아크레프 자브리,자브리,2025-06-20 20:45:18.201
622,301528,211,A. Schjelderup,A. 쉘데룹,쉘데룹,2025-06-20 20:45:48.111
631,317380,1350,G. Lindgren,지 린드그렌,린드그렌,2025-06-20 21:03:11.294
636,46207,2699,T. Morena,티 모레나,모레나,2025-06-21 17:33:49.739
640,9874,124,Guga,구가,구가,2025-06-22 07:34:05.820
642,409426,2767,Choi Seok-Hyun,최석현,최석현,2025-06-22 07:34:07.370
650,35669,2282,R. de la Rosa,로드리고 델라 로사,델라 로사,2025-06-22 07:36:21.050
649,94559,2282,A. Alvarado,에이 알바라도,알바라도,2025-06-22 07:36:21.037
235,18592,45,I. Ndiaye,이. 은디아예,은디아예,2025-06-15 09:50:21.003
661,15745,55,M. Roerslev,엠 로에슬레브,로에슬레브,2025-06-22 12:13:37.774
663,19192,66,J. Ramsey,제이 램지,램지,2025-06-22 12:13:38.148
665,90599,620,M. Bernauer,엠 베르나우어,베르나우어,2025-06-22 12:13:49.047
667,310135,620,L. Kačavenda,엘 카차벤다,카차벤다,2025-06-22 12:13:49.065
669,99,620,R. Pierre-Gabriel,알 피에르-가브리엘,피에르-가브리엘,2025-06-22 12:13:49.067
670,30413,620,M. Pjaca,엠 피야카,피야카,2025-06-22 12:13:49.068
672,1483,620,S. Ristovski,에스 리스토프스키,리스토프스키,2025-06-22 12:13:49.069
674,295026,620,M. Baturina,엠 바투리나,바투리나,2025-06-22 12:13:49.128
675,161938,247,Paulo Bernardo,파울로 베르나르도,베르나르도,2025-06-22 12:13:49.630
676,33253,247,K. Furuhashi,K. 후루하시,후루하시,2025-06-22 12:13:49.635
678,180758,247,R. Hatate,R. 하타테,하타테,2025-06-22 12:13:49.637
679,50737,247,A. Trusty,트러스티,트러스티,2025-06-22 12:13:49.642
681,1129,247,C. McGregor,C. 맥그리거,맥그리거,2025-06-22 12:13:49.643
190,363695,65,Murillo,무릴료,릴료,2025-06-15 18:20:09.659
192,2817,65,N. Milenković,엔. 밀렌코비치,밀렌코비치,2025-06-15 18:20:09.660
195,2771,65,O. Aina,오. 아이나,아이나,2025-06-15 18:20:09.669
198,18746,65,M. Gibbs-White,엠. 깁스-화이트,깁스-화이트,2025-06-15 18:20:09.692
201,18959,49,Robert Sánchez,로베르트 산체스,산체스,2025-06-15 18:20:09.697
202,19145,49,T. Adarabioyo,T. 아다라비오요,아다라비오요,2025-06-15 18:20:09.717
205,47380,49,Marc Cucurella,마르크 쿠쿠렐라,쿠쿠렐라,2025-06-15 18:20:09.722
206,5996,49,E. Fernández,페르난데스,페르난데스,2025-06-15 18:20:09.725
207,116117,49,M. Caicedo,엠. 카이세도,카이세도,2025-06-15 18:20:09.726
208,152982,49,C. Palmer,C. 파머,파머,2025-06-15 18:20:09.751
209,1864,49,Pedro Neto,페드로 네토,네토,2025-06-15 18:20:09.751
212,148099,49,K. Dewsbury-Hall,케이 듀즈베리홀,듀즈베리홀,2025-06-15 18:20:10.343
214,329347,49,O. Kellyman,오. 켈리맨,켈리맨,2025-06-15 18:20:10.581
1306,162511,33,Senne Lammens,센 람멘스,람멘스,2025-10-04 14:15:37.616
233,38734,34,S. Botman,에스 보트만,보트만,2025-06-15 09:50:20.355
243,24882,45,O. Mangala,오스만 망갈라,망갈라,2025-06-15 09:50:22.629
244,497,157,Manuel Neuer,마누엘 뇌어,뇌어,2025-06-15 16:46:44.217
249,328033,157,Aleksandar Pavlović,알렉산다르 파블로비치,파블로비치,2025-06-15 16:46:44.947
251,2195,157,Sacha Boey,사샤 보에이,보에이,2025-06-15 16:46:44.954
257,38851,2537,Dylan Manickum,딜란 마니쿰,마니쿰,2025-06-15 16:46:45.379
262,389974,2537,David Yoo,다비드 유,유,2025-06-15 16:46:45.386
266,1149,157,D. Upamecano,우파메카노,우파메카노,2025-06-15 17:23:19.500
269,397047,2537,J. Lagos,J. 라고스,라고스,2025-06-15 17:27:49.313
274,56,530,Antoine Griezmann,안투안 그리즈만,그리즈만,2025-06-15 18:11:58.876
280,53,530,A. Correa,A. 코레아,코레아,2025-06-15 20:32:12.095
286,2412,121,Felipe Anderson,펠리페 안데르손,안데르손,2025-06-15 22:12:07.925
297,41966,212,Francisco Moura,프란시스코 모우라,모우라,2025-06-15 22:12:08.308
306,70366,120,John Victor,존 빅터,빅터,2025-06-16 04:11:23.843
313,10031,120,Gregore,그레고레,그레고레,2025-06-16 04:11:23.858
322,51113,1595,Alex Roldán,알렉스 롤단,롤단,2025-06-16 04:11:24.331
325,313383,1595,Obed Vargas,오베드 바르가스,바르가스,2025-06-16 04:11:24.392
327,22167,120,Danilo Barbosa,다닐로 바르보사,바르보사,2025-06-16 04:11:25.268
329,103203,1595,P. Rothrock,피 로스록,로스록,2025-06-16 04:11:25.270
339,50952,1616,Aaron Long,아론 롱,롱,2025-06-16 18:36:32.921
345,25617,1616,Timothy Tillman,티모시 틸만,틸만,2025-06-16 18:36:32.985
352,30529,1616,Marlon,마를론,마를론,2025-06-16 21:22:38.284
358,898,451,Ander Herrera,안데르 에레라,에레라,2025-06-16 21:23:19.597
365,6092,451,Alan Velasco,알란 벨라스코,벨라스코,2025-06-16 21:23:19.670
369,624,211,Nicolás Otamendi,니콜라스 오타멘디,오타멘디,2025-06-16 21:23:20.097
378,362755,211,G. Prestianni,지 프레스티아니,프레스티아니,2025-06-16 23:44:17.949
384,10080,124,Fábio,파비오,파비오,2025-06-17 16:21:03.613
394,2194,165,Ramy Bensebaini,라미 벤세바이니,벤세바이니,2025-06-17 16:21:04.187
407,2469,435,Germán Pezzella,헤르만 페셀라,페셀라,2025-06-18 03:50:30.565
413,57169,287,Marius Høibråten,마리우스 휘브라텐,휘브라텐,2025-06-18 03:50:30.683
418,351538,287,Kaito Yasui,카이토 야스이,야스이,2025-06-18 03:50:30.748
425,326757,165,J. Bellingham,주드 벨링엄,벨링엄,2025-06-18 03:56:03.396
434,33047,287,T. Matsumoto,타츠야 마츠모토,마츠모토,2025-06-17 20:45:04.123
442,34695,2767,Seung-beom Ko,고승범,고승범,2025-06-17 22:21:46.030
448,34132,2767,Won-Sang Um,원상 엄,엄,2025-06-17 22:21:46.039
455,46270,2699,Keanu Cupido,키아누 쿠피도,쿠피도,2025-06-17 22:21:46.487
456,20893,2699,Lucas Ribeiro,루카스 리베이로,리베이로,2025-06-17 22:21:46.487
469,35539,2282,Stefan Medina,스테판 메디나,메디나,2025-06-18 05:36:36.733
475,6369,2282,Jorge Rodríguez,호르헤 로드리게스,로드리게스,2025-06-18 05:36:36.743
479,129943,2282,Victor Guzmán,빅토르 구즈만,구즈만,2025-06-18 05:36:36.806
483,35648,2282,E. Aguirre,에. 아기레,아기레,2025-06-18 05:36:38.154
485,10077,505,Luis Henrique,루이스 엔리케,엔리케,2025-06-18 05:36:38.156
490,328101,33,T. Fredricson,티 프레드릭슨,프레드릭슨,2025-06-18 06:41:26.497
503,180365,968,Guilherme Ferreira,길헤르메 페레이라,페레이라,2025-06-18 15:48:19.331
509,37443,968,M. Rayhi,엠 라이히,라이히,2025-06-18 17:09:01.240
515,283,541,Trent Alexander-Arnold,트렌트 알렉산더-아놀드,알렉산더-아놀드,2025-06-18 19:06:14.272
521,10009,541,Rodrygo,로드리고,로드리고,2025-06-18 19:06:14.414
524,318,2932,Kalidou Koulibaly,칼리두 쿨리발리,쿨리발리,2025-06-18 19:06:14.915
529,44340,2932,Salem Al-Dawsari,세일름 알다우사리,알다우사리,2025-06-18 19:06:14.984
540,511,157,L. Goretzka,레온 고레츠카,고레츠카,2025-06-18 19:26:34.636
544,203376,157,J. Urbig,J. 우르빅,우르빅,2025-06-18 19:26:36.108
548,414384,168,A. Sarco,에이 사르코,사르코,2025-06-18 19:26:36.487
554,165450,2865,Yong Woo Park,박용우,박용우,2025-06-19 03:15:53.717
560,2514,2865,Alejandro Romero,알레한드로 로메로,로메로,2025-06-19 03:15:53.741
561,330419,496,Alberto Costa,알베르토 코스타,코스타,2025-06-19 03:15:54.159
566,271349,2865,A. Jasic,에이 자식,자식,2025-06-19 03:15:55.117
582,349001,127,Wesley,웨슬리,웨슬리,2025-06-20 19:32:59.129
588,2612,127,Giorgian De Arrascaeta,조르지안 데 아라스카에타,데 아라스카에타,2025-06-20 19:32:59.213
591,16369,127,Gonzalo Plata,곤살로 플라타,플라타,2025-06-20 19:32:59.275
593,19720,49,Trevoh Chalobah,트레보 챌로바,챌로바,2025-06-20 19:32:59.694
594,10180,127,Bruno Henrique,브루노 엔리케,엔리케,2025-06-20 19:33:00.659
597,9458,127,Léo Ortiz,레오 오르티즈,오르티즈,2025-06-20 20:45:17.257
599,49610,980,Bechir Ben Said,베키르 벤 사이드,벤 사이드,2025-06-20 20:45:17.730
602,376724,980,Khalil Guenichi,칼릴 귀니치,귀니치,2025-06-20 20:45:17.802
607,49416,980,Youcef Belaïli,유세프 벨라일리,벨라일리,2025-06-20 20:45:17.872
610,10319,127,Allan,알란,알란,2025-06-20 20:45:18.195
618,405160,127,Wallace Yan,월라스 얀,얀,2025-06-20 20:45:37.882
623,345427,211,J. Rego,제이 레고,레고,2025-06-20 20:45:48.112
1121,452685,40,R. Ngumoha,리오 은구모하,은구모하,2025-08-25 20:57:31.500
682,2728,247,K. Schmeichel,케스퍼 슈마이헬,슈마이헬,2025-06-22 12:13:49.650
687,129670,620,N. Mbuku,엔 부쿠,부쿠,2025-06-22 12:13:50.651
693,1317,620,A. Ademi,에이 아데미,아데미,2025-06-22 12:13:51.259
703,748,541,Dani Ceballos,다니 세발로스,세발로스,2025-06-22 12:14:02.768
708,786,499,N. Zaniolo,엔조 자니올로,자니올로,2025-06-22 12:14:03.838
709,653,541,F. Mendy,엠페 메디,메디,2025-06-22 12:14:04.213
1122,19760,63,James Justin,제임스 저스틴,저스틴,2025-08-31 11:47:06.120
1125,66041,2250,R. Breite,로버트 브라이트,브라이트,2025-08-31 11:47:57.434
1136,304003,375,A. Đurić,안드레아 듀리치,듀리치,2025-08-31 11:47:58.484
1198,422779,400,Robert Silva,로버트 실바,실바,2025-09-20 11:19:11.531
1258,6231,81,Facundo Medina,파쿤도 메디나,메디나,2025-10-01 02:22:48.343
1307,671,746,Bertrand Traoré,베른트란 트라오레,트라오레,2025-10-04 14:15:40.165
662,2287,66,R. Barkley,R. 바클리,바클리,2025-06-22 12:13:37.775
683,38753,247,N. Kühn,엔 쿤,쿤,2025-06-22 12:13:49.710
689,308814,620,L. Stojković,L. 스토이코비치,스토이코비치,2025-06-22 12:13:50.719
694,1331,620,B. Petkovic,비. 페트코비치,페트코비치,2025-06-22 12:13:51.327
700,2763,499,M. Pašalić,엠 파샬리치,파샬리치,2025-06-22 12:14:02.090
702,744,541,Brahim Díaz,브라힘 디아스,디아스,2025-06-22 12:14:02.757
711,733,541,D. Carvajal,카르바할,카르바할,2025-06-22 12:14:04.274
1123,18766,63,Dominic Calvert-Lewin,도미닉 칼버트 르윈,칼버트 르윈,2025-08-31 11:47:06.146
1124,66210,2250,M. Hruška,마렉 후루슈카,후루슈카,2025-08-31 11:47:57.371
1127,174796,2250,A. Sylla,알리우 실라,실라,2025-08-31 11:47:57.456
1135,48196,375,S. Hakšabanović,세르주 하크샤바노비치,하크샤바노비치,2025-08-31 11:47:58.428
1206,416088,400,L. West,루카스 웨스트,웨스트,2025-09-20 11:19:12.383
1273,1138,81,T. Weah,티모 위아,위아,2025-10-01 02:22:50.934
1308,38750,746,B. Brobbey,브라이언 브로베이,브로베이,2025-10-04 15:21:32.500
1309,326176,48,Soungoutou Magassa,숑구투 마가사,마가사,2025-10-04 15:24:27.011
1310,344707,48,C. Marshall,콜린 마샬,마샬,2025-10-04 15:24:27.968
684,162210,247,A. Engels,에이 엔겔스,엔겔스,2025-06-22 12:13:50.639
692,33101,620,T. Ogiwara,T. 오기와라,오기와라,2025-06-22 12:13:51.259
697,18767,499,A. Lookman,에이 룩만,룩만,2025-06-22 12:14:02.021
707,178749,499,L. Samardžić,엘 사마르지치,사마르지치,2025-06-22 12:14:03.825
1126,61167,2250,T. Huk,티 훅,훅,2025-08-31 11:47:57.435
1137,766,375,R. Olsen,라파엘 올센,올센,2025-08-31 11:47:58.485
1210,101814,529,R. Araujo,라이언 아라우호,아라우호,2025-09-20 11:21:56.856
1260,9363,81,Igor Paixão,이고르 파이샨,파이샨,2025-10-01 02:22:48.380
685,1127,247,J. Forrest,제임스 포레스트,포레스트,2025-06-22 12:13:50.647
706,6420,499,M. Retegui,엠 레테귀,레테귀,2025-06-22 12:14:03.757
1128,162787,2250,Š. Langer,셰스니,셰스니,2025-08-31 11:47:57.471
1138,129964,375,Gabriel Busanello,가브리엘 부사넬로,부사넬로,2025-08-31 11:47:58.524
1143,69958,2250,A. Dolžnikov,아. 돌즈니코프,돌즈니코프,2025-08-31 11:47:59.814
1211,181701,529,Gerard Martín,제라르 마르틴,마르틴,2025-09-20 11:21:56.928
1218,20649,34,Y. Wissa,와하비사 유사,유사,2025-09-20 11:21:59.447
1271,2735,81,P. Hojbjerg,필립 호이비에르그,호이비에르그,2025-10-01 02:22:50.933
686,45169,247,L. McCowan,엘 맥카운,맥카운,2025-06-22 12:13:50.651
705,2285,541,A. Rüdiger,앙토니오 뤼디거,뤼디거,2025-06-22 12:14:02.834
714,866,499,J. Cuadrado,J. 콰드라도,콰드라도,2025-06-22 12:14:04.282
1129,196382,2250,A. Dumitrescu,알렉산드루 두미트레스쿠,두미트레스쿠,2025-08-31 11:47:57.499
1139,66410,2250,A. Růsek,안드레아 루셀,루셀,2025-08-31 11:47:59.778
1212,182718,529,Joan García,호안 가르시아,가르시아,2025-09-20 11:21:56.930
1286,7318,211,Amar Dedić,아마르 데디치,데디치,2025-10-01 02:23:06.915
688,130417,247,A. Idah,에이 아이다,아이다,2025-06-22 12:13:50.652
710,30544,499,G. Scamacca,지. 스카마카,스카마카,2025-06-22 12:14:04.213
1130,322561,2250,S. Michez,셰스니,셰스니,2025-08-31 11:47:57.505
1140,66659,2250,D. Vašulín,드라그신 바슈린,바슈린,2025-08-31 11:47:59.787
1213,396623,529,Pau Cubarsí,파우 쿠바르시,쿠바르시,2025-09-20 11:21:56.932
1290,202951,211,F. Ivanovic,페르난도 이바노비치,이바노비치,2025-10-01 02:23:08.505
690,1115,247,A. Ralston,에이 랄스턴,랄스턴,2025-06-22 12:13:50.725
698,10097,499,Éderson,에데르손,에데르손,2025-06-22 12:14:02.030
704,278,541,K. Mbappé,K. 엠바페,엠바페,2025-06-22 12:14:02.832
713,2207,541,E. Camavinga,E. 카마빙가,카마빙가,2025-06-22 12:14:04.281
1131,316077,2250,M. Hadaš,셰스니,셰스니,2025-08-31 11:47:57.509
1141,287374,375,E. Ekong,에이 에콩,에콩,2025-08-31 11:47:59.790
1214,909,529,M. Rashford,마커스 래시포드,래시포드,2025-09-20 11:21:56.936
651,25004,50,S. Ortega,에스 오르테가,오르테가,2025-06-22 12:13:27.839
691,105993,620,A. Hoxha,에이 호자,호자,2025-06-22 12:13:50.725
701,30432,499,M. de Roon,더 룬,룬,2025-06-22 12:14:02.103
712,372,541,E. Militao,에더손 밀리타오,밀리타오,2025-06-22 12:14:04.278
1132,379017,2250,M. Mikulenka,마티아스 미쿨렌카,미쿨렌카,2025-08-31 11:47:57.518
1142,39141,375,L. Berg Johnsen,엘리노르 베르그 존센,베르그 존센,2025-08-31 11:47:59.796
1215,340626,529,Fermín López,페르민 로페스,로페스,2025-09-20 11:21:57.001
695,348205,620,P. Sucic,피터 수치치,수치치,2025-06-22 12:13:51.329
699,147859,499,C. De Ketelaere,케트라레,케트라레,2025-06-22 12:14:02.030
1133,66098,2250,D. Janošek,더미트리 야노셀크,야노셀크,2025-08-31 11:47:57.529
1144,66268,2250,J. Chvátal,요제프 크바탈,크바탈,2025-08-31 11:47:59.876
1216,158054,34,N. Woltemade,니콜라이 볼테마데,볼테마데,2025-09-20 11:21:58.616
696,2373,620,J. Misic,제이 미식,미식,2025-06-22 12:13:51.330
1134,144021,2250,M. Tijani,엠 티자니,티자니,2025-08-31 11:47:57.534
1145,162755,2250,J. Šíp,셰스니,셰스니,2025-08-31 11:47:59.885
1217,619,529,Eric García,에릭 가르시아,가르시아,2025-09-20 11:21:58.617
654,67943,65,Morato,모라토,모라토,2025-06-22 12:13:29.384
652,629,50,K. De Bruyne,케빈 드 브라위너,드 브라위너,2025-06-22 12:13:27.904
653,196298,65,R. Sosa,알 소사,소사,2025-06-22 12:13:29.383
658,19071,66,E. Buendía,에. 부엔디아,부엔디아,2025-06-22 12:13:37.771
656,158697,50,J. McAtee,제이 맥아티,맥아티,2025-06-22 12:13:29.385
664,2055,620,M. Rog,엠 로그,로그,2025-06-22 12:13:48.983
666,14353,620,D. Špikić,D. 스피킥,스피킥,2025-06-22 12:13:49.059
668,40405,620,S. Kulenović,에스 쿨레노비치,쿨레노비치,2025-06-22 12:13:49.067
671,1306,620,D. Zagorac,디. 자고라츠,자고라츠,2025-06-22 12:13:49.069
673,1316,620,K. Théophile-Catherine,카디안 테오피르-카트린,테오피르-카트린,2025-06-22 12:13:49.070
677,78547,247,A. Johnston,에이 존스턴,존스턴,2025-06-22 12:13:49.637
680,19314,247,C. Carter-Vickers,C. 카터-빅커스,카터-빅커스,2025-06-22 12:13:49.643
715,146785,968,J. Harkass,제이 하카스,하카스,2025-06-22 18:09:40.413
716,511308,968,S. Mwalimu,S. 미왈리무,미왈리무,2025-06-22 18:09:40.422
717,44442,968,O. Al Somah,오마르 알소마,알소마,2025-06-22 18:09:40.427
718,332164,2292,Alan Bautista,알란 바우티스타,바우티스타,2025-06-22 19:43:44.285
719,9416,2292,Eduardo Bauermann,에드와르도 바우에르만,바우에르만,2025-06-22 19:43:44.290
720,13402,2292,Agustín Palavecino,아구스틴 파라베치노,파라베치노,2025-06-22 19:43:44.291
721,237060,2292,Bryan González,브란 곤살레스,곤살레스,2025-06-22 19:43:44.297
722,11627,2292,Carlos Moreno,카를로스 모레노,모레노,2025-06-22 19:43:44.297
723,67884,2292,Federico Pereira,페데리코 페레이라,페레이라,2025-06-22 19:43:44.298
724,426211,2292,Alexei Dominguez Figueroa,알렉세이 도밍게즈 피게로아,도밍게즈 피게로아,2025-06-22 19:43:44.297
725,18902,2292,Kenedy,케네디,케네디,2025-06-22 19:43:44.298
726,2876,2292,Luís Rodríguez,루이스 로드리게스,로드리게스,2025-06-22 19:43:44.299
727,2461,2292,Salomón Rondón,사로몬 론돈,론돈,2025-06-22 19:43:44.299
728,424400,2292,Elías Montiel,엘리아스 몬티엘,몬티엘,2025-06-22 19:43:44.356
729,47428,2292,G. Cabral,지 카브랄,카브랄,2025-06-22 20:09:30.786
730,297522,2292,John Kennedy,존 케네디,케네디,2025-06-22 20:09:30.995
731,270947,2292,C. Sanchez,C. 산체스,산체스,2025-06-22 20:25:31.082
732,35879,2292,J. Lopez,J. 로페즈,로페즈,2025-06-22 20:28:30.773
733,2871,2292,V. Guzman,브라이언 구즈만,구즈만,2025-06-22 20:36:30.781
734,338751,541,V. Munoz,브라이언 무노스,무노스,2025-06-22 20:50:31.589
735,414385,50,Claudio Echeverri,클라우디오 에체베리,에체베리,2025-06-23 13:09:42.468
736,21138,50,Rayan Aït-Nouri,라얀 아이트누리,아이트누리,2025-06-23 13:09:42.472
738,44040,2865,Khalid Eisa,칼리드 에이사,에이사,2025-06-23 13:09:42.519
739,495635,2865,Amadu Niang,아마두 니앙,니앙,2025-06-23 13:09:42.520
828,456585,38,A. Nabizada,에이 나비자다,나비자다,2025-06-28 08:23:54.880
740,304729,2865,Mohammed Abbas Al-Baloushi,모하메드 압바스 알바루시,압바스 알바루시,2025-06-23 13:09:42.520
741,158514,2865,Nassim Chadli,나심 샤들리,샤들리,2025-06-23 13:09:42.520
743,355253,2865,M. Sanabria,엠 산아브리아,산아브리아,2025-06-23 13:09:43.412
742,125676,2865,Erik Menezes,에릭 메네제스,메네제스,2025-06-23 13:09:43.412
744,297687,120,M. Ponte,엠 포테,포테,2025-06-24 01:11:32.668
745,449243,212,William Gomes,윌리암 고메스,고메스,2025-06-24 07:39:38.191
746,17143,1577,Ahmed Ramadan,아메드 라마단,라마단,2025-06-24 07:39:39.871
747,4458,1577,A. Dieng,아. 딩,딩,2025-06-24 07:39:40.860
748,16885,1577,O. Kamal,오. 카말,카말,2025-06-24 07:39:41.149
749,20666,1577,A. Bencharki,에이 벤차르키,벤차르키,2025-06-24 07:39:41.472
750,34618,2767,Min-hyeok Kim,김민혁,김민혁,2025-06-25 18:57:45.309
751,34474,2767,Park Min-Seo,박민서,박민서,2025-06-25 20:05:22.360
752,368230,165,J. Duranville,제이 두랑빌,두랑빌,2025-06-25 20:17:22.276
753,161921,165,G. Reyna,G. 레이나,레이나,2025-06-25 20:38:12.288
754,1821,496,Filip Kostić,필립 코스티치,코스티치,2025-06-26 19:03:09.961
755,339872,496,V. Adzic,비. 아지치,아지치,2025-06-26 20:45:31.675
756,294292,968,Ayoub Boucheta,아요브 부셰타,부셰타,2025-06-26 21:30:13.469
757,402890,2865,Yahya Ben Khaleq,야야 벤 칼렉,벤 칼렉,2025-06-26 21:30:13.948
758,107190,968,I. Benktib,아이 벵티브,벵티브,2025-06-26 21:30:14.919
759,307244,2865,E. H. Rahimi,이. 에이치. 라히미,에이치. 라히미,2025-06-26 21:30:14.922
760,35597,2282,Luis Reyes,루이스 레예스,레예스,2025-06-26 21:30:27.736
761,141156,287,T. Okubo,T. 오쿠보,오쿠보,2025-06-26 21:30:28.695
762,318860,287,R. Nitta,알 닛타,닛타,2025-06-26 21:30:28.695
763,426512,2282,I. Fimbres,이. 핀브레스,핀브레스,2025-06-26 21:30:28.701
764,345808,505,Francesco Pio Esposito,프란체스코 피오 에스포지토,피오 에스포지토,2025-06-26 21:30:38.422
765,6028,435,Rodrigo Aliendro,로드리고 알리엔드로,알리엔드로,2025-06-26 21:30:39.153
766,2473,435,M. Lanzini,엠 란지니,란지니,2025-06-26 21:30:39.970
767,512838,435,G. Costantini,지 콘스탄티니,콘스탄티니,2025-06-26 21:30:40.039
768,10017,124,Ignácio,이그나시오,이그나시오,2025-06-26 21:30:55.151
769,46196,2699,Mosa Lebusa,모사 르부사,르부사,2025-06-26 21:30:56.043
770,461683,2699,Kutlwano Letlhaku,쿠틀와노 레틀하쿠,레틀하쿠,2025-06-26 21:30:56.044
771,9924,124,Thiago Santos,티아고 산토스,산토스,2025-06-26 21:30:56.112
772,3259,2699,Peter Shalulile,피터 샬룰리레,샬룰리레,2025-06-26 21:30:56.113
773,860,127,Alex Sandro,알렉스 산드로,산드로,2025-06-26 21:32:01.255
774,332654,127,Evertton Araújo,에버튼 아라우조,아라우조,2025-06-26 21:32:01.326
775,347794,1616,A. Smoliakov,에이 스몰리아코프,스몰리아코프,2025-06-26 21:32:02.141
776,9623,127,Juninho,주니뉴,주니뉴,2025-06-26 21:32:02.212
777,51572,127,M. Viña,엠 비냐,비냐,2025-06-26 21:32:02.215
778,49636,980,H. Tka,H. 티카,티카,2025-06-26 21:32:10.492
780,305834,49,Andrey Santos,안드레이 산토스,산토스,2025-06-26 21:32:10.563
782,274,451,E. Cavani,에딘손 카바니,카바니,2025-06-26 21:32:18.224
784,5791,451,M. Braida,엠 브라이다,브라이다,2025-06-26 21:32:19.054
785,200335,2537,J. Lee,이재성,이재성,2025-06-26 21:32:19.118
787,38846,2537,J. Vale,제이 베일,베일,2025-06-26 21:32:19.124
788,325975,157,T. Bischof,티 비쇼프,비쇼프,2025-06-26 21:32:30.034
779,276184,49,M. Sarr,엠 사르,사르,2025-06-26 21:32:10.559
781,212842,451,M. Pellegrino,엠 펠레그리노,펠레그리노,2025-06-26 21:32:18.151
783,369412,451,L. Di Lollo,엘 디 롤로,디 롤로,2025-06-26 21:32:18.227
786,383545,2537,D. Connolly,디 코널리,코널리,2025-06-26 21:32:19.123
789,313236,42,E. Nwaneri,이. 누아네리,누아네리,2025-06-28 08:20:43.986
790,19465,42,David Raya,다비드 라야,라야,2025-06-28 08:20:44.040
791,19263,34,L. Kelly,엘 켈리,켈리,2025-06-28 08:20:52.255
792,739,47,Sergio Reguilón,세르히오 레기용,레기용,2025-06-28 08:20:52.267
793,380690,47,M. Moore,엠 무어,무어,2025-06-28 08:20:52.697
794,1440,52,R. Holding,알 홀딩,홀딩,2025-06-28 08:21:01.280
795,138935,49,C. Chukwuemeka,C. 추쿠에메카,추쿠에메카,2025-06-28 08:21:01.280
796,311157,52,Matheus Franca,마테우스 프랑카,프랑카,2025-06-28 08:21:01.293
797,30427,46,C. Okoli,C. 오콜리,오콜리,2025-06-28 08:21:09.295
798,405905,46,N. Opoku,엔 오포쿠,오포쿠,2025-06-28 08:21:09.739
799,21090,66,Diego Carlos,디에고 카를로스,카를로스,2025-06-28 08:21:09.747
800,144729,41,T. Harwood-Bellis,티 하우드-벨리스,하우드-벨리스,2025-06-28 08:21:19.513
801,19248,41,N. Wood-Gordon,엔 우드-고든,우드-고든,2025-06-28 08:21:19.572
802,18918,41,C. Taylor,시테일러,시테일러,2025-06-28 08:21:21.104
803,295,41,A. Lallana,에이 라라나,라라나,2025-06-28 08:21:21.112
804,32887,41,Y. Sugawara,스가와라 요시노부,요시노부,2025-06-28 08:21:21.114
805,19484,41,A. Armstrong,에이 암스트롱,암스트롱,2025-06-28 08:21:21.168
806,18940,41,J. Stephens,제이 스티븐스,스티븐스,2025-06-28 08:21:21.558
807,45078,41,R. Stewart,알 스튜어트,스튜어트,2025-06-28 08:21:21.559
808,105971,41,G. Bazunu,G. 바주누,바주누,2025-06-28 08:21:21.569
809,18823,57,B. Johnson,B. 존슨,존슨,2025-06-28 08:21:33.628
810,299813,57,Ali Al Hamadi,알리 알 하마디,알 하마디,2025-06-28 08:21:34.613
811,20167,57,J. Donacien,제이 도나시엔,도나시엔,2025-06-28 08:21:35.037
812,404574,48,Luis Guilherme,루이스 길헤르메,길헤르메,2025-06-28 08:22:04.882
813,1469,51,D. Welbeck,D. 웰벡,웰벡,2025-06-28 08:22:24.454
814,129643,51,E. Ferguson,이펄 퍼거슨,퍼거슨,2025-06-28 08:22:24.516
815,909,33,M. Rashford,엠 래쉬포드,래쉬포드,2025-06-28 08:22:47.045
816,449245,39,Pedro Lima,페드로 리마,리마,2025-06-28 08:23:19.550
817,157912,39,B. Traore,비. 트라오레,트라오레,2025-06-28 08:23:21.731
818,18947,39,M. Lemina,엠 르미나,르미나,2025-06-28 08:23:25.185
819,2507,34,M. Almirón,엠 알미론,알미론,2025-06-28 08:23:35.027
820,162158,38,P. Dwomoh,피. 드웨모,드웨모,2025-06-28 08:23:53.910
821,18817,38,A. Ogbonna,에이 오그보나,오그보나,2025-06-28 08:23:53.919
822,44836,38,R. Porteous,알 포터어스,포터어스,2025-06-28 08:23:53.967
823,138828,38,Y. Larouci,와흐리아 라루시,라루시,2025-06-28 08:23:53.970
824,19142,38,J. Bond,제임스 본드,본드,2025-06-28 08:23:53.972
825,342433,38,A. Tikvić,아. 티크비치,티크비치,2025-06-28 08:23:53.974
826,418204,38,M. Doumbia,엠 돔비아,돔비아,2025-06-28 08:23:53.999
827,21100,38,I. Louza,이. 루자,루자,2025-06-28 08:23:54.869
829,389315,36,J. King,제이 킹,킹,2025-06-28 08:23:54.895
830,373615,62,R. Oné,알 워네,워네,2025-06-28 08:24:04.606
831,18331,62,R. Norrington-Davies,알 노링턴-데이비스,노링턴-데이비스,2025-06-28 08:24:04.607
832,19961,62,H. Burrows,에이치 버로우스,버로우스,2025-06-28 08:24:04.608
833,303,62,R. Brewster,알 브루스터,브루스터,2025-06-28 08:24:04.614
834,19989,62,S. McCallum,S. 맥컬럼,맥컬럼,2025-06-28 08:24:04.616
835,401233,62,B. Blacker,비. 블래커,블래커,2025-06-28 08:24:04.624
836,400340,62,L. Marsh,엘 마쉬,마쉬,2025-06-28 08:24:04.680
837,171059,62,J. Baptiste,제이 바티스트,바티스트,2025-06-28 08:24:04.687
838,383815,43,C. Ashford,시 에셔포드,에셔포드,2025-06-28 08:24:05.318
839,196875,43,J. Bagan,제이 바간,바간,2025-06-28 08:24:05.381
840,18029,43,K. Etete,케이 에테테,에테테,2025-06-28 08:24:05.384
841,153434,43,W. Fish,더브라위너 피쉬,피쉬,2025-06-28 08:24:05.470
842,19618,43,A. Rinomhota,에이 리노모타,리노모타,2025-06-28 08:24:06.704
843,326753,43,T. Davies,티. 데이비스,데이비스,2025-06-28 08:24:06.710
844,400339,62,O. Hampson,오. 햄프슨,햄프슨,2025-06-28 08:24:06.711
845,288109,43,A. Robertson,에이 로버트슨,로버트슨,2025-06-28 08:24:06.712
846,459394,62,S. Colechin,에스 콜레친,콜레친,2025-06-28 08:24:06.713
847,180561,43,L. Pearce,엘 피어스,피어스,2025-06-28 08:24:06.785
848,56114,43,M. Siopis,엠 시오피스,시오피스,2025-06-28 08:24:06.789
849,231078,54,T. Gardner-Hickman,티 가드너-힉만,가드너-힉만,2025-06-28 08:24:32.825
850,19115,54,B. Peacock-Farrell,비. 피콕-패럴,피콕-패럴,2025-06-28 08:24:32.825
851,19534,54,L. Jutkiewicz,L. 윗키에비치,윗키에비치,2025-06-28 08:24:32.826
852,137301,54,A. Cochrane,에이 코크레인,코크레인,2025-06-28 08:24:32.827
853,304918,54,A. Yokoyama,A. 요코야마,요코야마,2025-06-28 08:24:32.871
854,167656,54,M. Leonard,엠 레오나르드,레오나르드,2025-06-28 08:24:32.892
855,45307,54,L. Dykes,엘 다이크스,다이크스,2025-06-28 08:24:32.900
856,138859,54,C. Klarer,C. 클라러,클라러,2025-06-28 08:24:32.901
859,167121,1379,Z. Jeacock,제이 쟈콕,쟈콕,2025-06-28 08:24:33.449
860,144708,1379,D. Jefferies,디 제퍼리스,제퍼리스,2025-06-28 08:24:33.451
861,20489,1379,P. O'Connor,P. 오코너,오코너,2025-06-28 08:24:33.515
863,278154,1379,E. Ring,이링,이링,2025-06-28 08:24:34.422
864,2320,54,W. Willumsson,더블윌슨,더블윌슨,2025-06-28 08:24:34.492
865,326756,54,A. Chang,A. 창,창,2025-06-28 08:24:34.498
867,459341,54,Z. Betteka,제이 베테카,베테카,2025-06-28 08:24:34.503
868,137300,56,H. Roberts,H. 로버츠,로버츠,2025-06-28 08:24:51.353
870,130861,56,G. Tanner,지 테너,테너,2025-06-28 08:24:51.419
871,287590,56,F. Mayulu,에프 마율루,마율루,2025-06-28 08:24:51.422
873,19258,56,M. O’Leary,엠 오'리어리,오'리어리,2025-06-28 08:24:51.427
874,19211,56,M. Bird,엠 버드,버드,2025-06-28 08:24:52.923
876,18871,1358,M. Butcher,엠 부처,부처,2025-06-28 08:25:04.604
877,310529,1358,G. Kodua,지 코두아,코두아,2025-06-28 08:25:04.660
878,82069,1358,S. George,에스 조지,조지,2025-06-28 08:25:04.670
886,19655,1358,F. Onyedinma,F. 오니에딘마,오니에딘마,2025-06-28 08:25:06.400
1146,148099,45,K. Dewsbury-Hall,케이 듀즈버리홀,듀즈버리홀,2025-08-31 23:56:51.386
1150,18963,51,L. Dunk,루이스 덩크,덩크,2025-08-31 23:56:51.433
1152,70747,51,Julio Cesar Enciso,후리오 세사르 엔시소,세사르 엔시소,2025-08-31 23:56:52.985
1154,402640,52,R. Esse,라이언 에세,에세,2025-08-31 23:57:33.211
1219,386828,529,Lamine Yamal,라민 야말,야말,2025-09-20 11:21:59.447
857,48190,54,A. Sampsted,에이 샘프스테드,샘프스테드,2025-06-28 08:24:32.902
879,20160,1358,B. Hanlan,비. 한란,한란,2025-06-28 08:25:04.674
885,17442,1358,D. Wheeler,디 위러러,위러러,2025-06-28 08:25:06.400
889,404656,50,J. Simpson-Pusey,제이 심슨-푸시,심슨-푸시,2025-06-28 08:25:38.439
1157,147831,65,A. Kalimuendo,아드리안 칼리무엔도,칼리무엔도,2025-08-31 23:57:33.217
1165,284457,66,L. Bogarde,루케이스 보가르데,보가르데,2025-09-01 00:09:03.262
1220,171058,34,H. Ashby,헨리 애쉬비,애쉬비,2025-09-20 11:21:59.453
1148,19187,45,J. Grealish,잭 그릴리쉬,그릴리쉬,2025-08-31 23:56:51.397
880,19605,1355,T. McIntyre,티 맥인타이어,맥인타이어,2025-06-28 08:25:05.429
884,20319,1358,N. Bishop,엔 비숍,비숍,2025-06-28 08:25:06.329
888,284409,50,D. Mubama,디 무바마,무바마,2025-06-28 08:25:38.361
1149,162007,51,M. De Cuyper,엠 드 쿠이퍼,드 쿠이퍼,2025-08-31 23:56:51.432
1151,329369,51,Thomas Watson,토마스 왓슨,왓슨,2025-08-31 23:56:52.979
1153,48648,65,D. Ndoye,디오 운도예,운도예,2025-08-31 23:57:32.228
1155,1135,52,O. Édouard,에두아르,에두아르,2025-08-31 23:57:33.216
234,125743,45,Beto,베토,베토,2025-06-15 09:50:20.935
881,98067,1355,O. Moxon,오. 목슨,목슨,2025-06-28 08:25:05.442
882,18903,1355,M. Ritchie,엠 리치,리치,2025-06-28 08:25:05.445
887,482326,1355,H. Clout,에이치 클라우트,클라우트,2025-06-28 08:25:06.413
891,19869,1844,H. Mnoga,H. 미노가,미노가,2025-06-28 08:25:39.204
892,20472,1844,M. Lund,엠 룬드,룬드,2025-06-28 08:25:39.212
1147,343684,45,T. Barry,톰 배리,배리,2025-08-31 23:56:51.386
1221,304317,45,T. Dibling,톰 디블링,디블링,2025-09-20 13:14:28.668
858,394585,1379,B. Cadamarteri,비. 카다마르테리,카다마르테리,2025-06-28 08:24:33.449
862,2909,54,Paik Seung-Ho,백승호,백승호,2025-06-28 08:24:34.427
866,138775,54,E. Laird,이. 레어드,레어드,2025-06-28 08:24:34.498
869,69539,56,L. McNally,엘 맥날리,맥날리,2025-06-28 08:24:51.411
872,19664,56,Z. Vyner,지. 바이너,바이너,2025-06-28 08:24:51.425
875,283272,39,A. Pond,에이 폰드,폰드,2025-06-28 08:24:52.931
883,18648,1355,R. Atkinson,앳킨슨,앳킨슨,2025-06-28 08:25:05.504
894,44796,1844,C. McAleny,C. 맥알레니,맥알레니,2025-06-28 08:25:40.169
1156,158697,65,J. McAtee,제이크 맥아티,맥아티,2025-08-31 23:57:33.216
1161,281,55,C. Kelleher,콘올리 켈러헤르,켈러헤르,2025-09-01 00:09:02.104
1163,15799,55,F. Onyeka,프란치스코 오니에카,오니에카,2025-09-01 00:09:03.261
1222,330437,35,Álex Jiménez,알렉스 히메네스,히메네스,2025-09-21 13:09:17.743
890,19267,1844,H. Adelakun,H. 아델라쿤,아델라쿤,2025-06-28 08:25:39.203
893,362767,1844,M. Young,엠 영,영,2025-06-28 08:25:39.261
895,10379,121,Bruno Fuchs,브루노 푸크스,푸크스,2025-06-28 15:39:39.670
896,153083,121,Emiliano Martínez,에밀리아노 마르티네스,마르티네스,2025-06-28 15:39:40.010
897,425714,121,Allan,알란,알란,2025-06-28 15:39:40.043
898,9917,121,Mayke,마이케,마이케,2025-06-28 17:35:00.604
899,128,9568,Jordi Alba,조르디 알바,알바,2025-06-29 17:49:07.532
900,5995,127,N. de la Cruz,엔 델라 크루즈,델라 크루즈,2025-06-29 21:53:30.682
95,617,50,Ederson,에데르송,에데르송,2025-06-15 18:00:57.746
901,44349,2932,Mohamed Kanno,모하메드 칸노,칸노,2025-07-01 09:27:49.204
902,202381,2932,Moteb Al-Harbi,모테브 알하르비,알하르비,2025-07-01 09:27:49.282
903,44332,2932,A. Al Bulayhi,알 불라이히,불라이히,2025-07-01 09:27:50.093
904,44701,2932,K. Al Ghannam,K. 알 가남,알 가남,2025-07-01 09:27:50.095
905,286354,2932,H. Al Yami,H. 알 야미,알 야미,2025-07-01 09:27:50.097
906,306380,2932,M. Al Juwayr,엠 알 주웨어,알 주웨어,2025-07-01 09:27:50.102
907,44507,2932,A. Lajami,에이 라자미,라자미,2025-07-01 09:27:50.105
908,861,496,Daniele Rugani,다니엘레 루가니,루가니,2025-07-01 18:58:17.424
909,305799,121,Micael,미카엘,미카엘,2025-07-05 00:49:47.661
910,279800,121,Vanderlan,반더란,반더란,2025-07-05 00:49:47.747
911,44325,2932,A. Hamdallah,알리 해므달라,해므달라,2025-07-05 00:50:31.304
912,380435,2932,Kaio Cesar,카이오 세자르,세자르,2025-07-05 00:50:31.314
913,10329,49,Joao Pedro,조아우 페드로,페드로,2025-07-05 02:34:40.727
914,2454,124,Y. Soteldo,와이 소텔도,소텔도,2025-07-08 20:55:13.459
915,181638,698,Adrian Armental,에드리안 아르멘탈,아르멘탈,2025-07-08 21:58:22.077
916,144828,698,Gabri Garcia,가브리엘 가르시아,가르시아,2025-07-08 21:58:22.086
917,217441,698,Facundo Álvarez,파쿤도 알바레스,알바레스,2025-07-08 21:58:22.091
918,185165,698,Pablo Rodríguez,파블로 로드리게스,로드리게스,2025-07-08 21:58:22.091
919,155011,698,Bradley Banda,브래들리 반다,반다,2025-07-08 21:58:22.092
920,185563,698,Fran Paul,프란 폴,폴,2025-07-08 21:58:22.093
921,104882,698,Manuel Sanchez,마누엘 산체스,산체스,2025-07-08 21:58:22.095
922,119019,698,Juan Manuel Gonzalez Perez,후안 마누엘 곤잘레스 페레스,마누엘 곤잘레스 페레스,2025-07-08 21:58:22.103
923,91252,698,Álvaro Rey,알바로 레이,레이,2025-07-08 21:58:22.106
924,55929,698,Ethan Jolley,이단 졸리,졸리,2025-07-08 21:58:22.115
925,188408,698,Geovanni Barba,제오반니 바르바,바르바,2025-07-08 21:58:22.151
926,131270,2266,Odhran Casey,오드란 케이시,케이시,2025-07-08 21:58:22.594
927,119490,2266,Jonathan Addis,조나단 아디스,아디스,2025-07-08 21:58:22.596
928,117337,2266,Conor Pepper,코너 페퍼,페퍼,2025-07-08 21:58:22.598
929,87930,2266,Joe Gormley,조 골므리,골므리,2025-07-08 21:58:22.600
930,106075,2266,Ryan Curran,라이언 커런,커런,2025-07-08 21:58:22.600
931,17855,2266,Luke Conlan,루크 콘란,콘란,2025-07-08 21:58:22.600
932,69373,2266,Jack Keaney,잭 키니,키니,2025-07-08 21:58:22.601
933,440042,2266,Harry Wilson,해리 윌슨,윌슨,2025-07-08 21:58:22.601
934,391288,2266,Shea Kearney,쉐아 키어니,키어니,2025-07-08 21:58:22.610
935,106034,2266,Rory Hale,로리 헤일,헤일,2025-07-08 21:58:22.660
936,348175,2266,Lewis Ridd,루이스 리드,리드,2025-07-08 21:58:22.669
937,323217,698,A. Martinez,에이 마르티네스,마르티네스,2025-07-08 21:58:23.687
938,45216,2266,S. Gordon,에스 고든,고든,2025-07-08 21:58:23.688
939,284489,2266,S. Stewart,에스 스튜어트,스튜어트,2025-07-08 21:58:23.691
940,60698,2266,E. McWoods,이. 맥우즈,맥우즈,2025-07-08 21:58:23.696
941,25759,698,L. Volz,엘 볼츠,볼츠,2025-07-08 21:58:23.697
942,182833,698,J. Forjan,J. 포르잔,포르잔,2025-07-08 21:58:23.697
943,184968,698,H. Adamou,H. 아다무,아다무,2025-07-08 21:58:23.714
944,40565,347,Mateusz Skrzypczak,마테우시 스크지프차크,스크지프차크,2025-08-11 08:14:12.827
945,50922,347,João Moutinho,죠아오 무티뉴,무티뉴,2025-08-11 08:14:12.924
946,47910,347,Leo Bengtsson,레오 벵트손,벵트손,2025-08-11 08:14:12.929
947,40529,347,Filip Jagiełło,필립 야기엘로,야기엘로,2025-08-11 08:14:12.933
948,269892,347,Antoni Kozubal,안토니 코주발,코주발,2025-08-11 08:14:12.935
949,126896,347,Bartosz Mrozek,바르토시 모로제크,모로제크,2025-08-11 08:14:12.936
950,25619,347,Mikael Ishak,미카엘 이삭,이삭,2025-08-11 08:14:12.935
951,8564,347,Ali Gholizadeh,알리 골리자데,골리자데,2025-08-11 08:14:12.960
952,27760,347,Luis Palma,루이스 팔마,팔마,2025-08-11 08:14:12.961
953,1414,347,Antonio Milić,안토니오 밀리치,밀리치,2025-08-11 08:14:12.973
954,15491,347,Joel Pereira,조엘 페레이라,페레이라,2025-08-11 08:14:13.002
955,41089,598,Matheus,마테우스,마테우스,2025-08-11 08:14:13.623
956,80566,598,Rodrigão,로드리가오,로드리가오,2025-08-11 08:14:13.654
957,841,598,Nair Tiknizyan,나이르 틱니지안,틱니지안,2025-08-11 08:14:13.687
958,197985,598,Young-woo Seol,설영우,설영우,2025-08-11 08:14:13.691
959,2821,598,Miloš Veljković,밀로시 벨코비치,벨코비치,2025-08-11 08:14:13.693
960,17789,598,Timi Max Elšnik,티미 막스 엘슈닉,막스 엘슈닉,2025-08-11 08:14:13.695
961,63475,598,Bruno Duarte,브루노 두아르테,두아르테,2025-08-11 08:14:13.696
962,353,598,Mirko Ivanić,미르코 이바니치,이바니치,2025-08-11 08:14:13.700
963,263410,598,Milson,밀손,밀손,2025-08-11 08:14:13.727
964,14379,598,Cherif Ndiaye,셰리프 디아예,디아예,2025-08-11 08:14:13.729
965,129103,347,F. Szymczak,F. 시즘차크,시즘차크,2025-08-11 08:14:14.669
966,50910,598,A. Katai,에이 카타이,카타이,2025-08-11 08:14:14.674
967,162029,347,Pablo Rodríguez,파블로 로드리게스,로드리게스,2025-08-11 08:14:14.675
968,328648,598,S. Babicka,에스 바비카,바비카,2025-08-11 08:14:14.675
970,373423,347,G. Þórðarson,기. 토르다르손,토르다르손,2025-08-11 08:14:14.681
972,345322,347,T. Ouma,티. 오우마,오우마,2025-08-11 08:14:14.704
974,371957,347,Bartlomiej Baranski,바르틀로미에 바란스키,바란스키,2025-08-11 08:14:15.093
976,55342,347,Daniel Hakans,다니엘 하칸스,하칸스,2025-08-11 08:14:15.111
977,161176,347,Patrik Walemark,패트릭 왈레마크,왈레마크,2025-08-11 08:14:15.194
978,37784,209,Sem Steijn,세름 스타인,스타인,2025-08-11 08:15:00.072
979,326067,209,Anis Hadj Moussa,아니스 하지 무사,하지 무사,2025-08-11 08:15:00.124
989,284071,209,O. Targhalline,오. 타르갈린,타르갈린,2025-08-11 08:15:02.221
1159,284428,65,O. Hutchinson,오디온 허친슨,허친슨,2025-08-31 23:57:33.223
1160,284797,55,D. Ouattara,드라마니 와타라,와타라,2025-09-01 00:09:02.095
1223,339201,746,Chris Rigg,크리스 리그,리그,2025-09-21 13:37:28.528
1225,19911,746,L. O'Nien,루크 오니언,오니언,2025-09-21 13:37:31.003
980,2901,209,In-Beom Hwang,황인범,황인범,2025-08-11 08:15:00.124
988,162004,611,B. Elmaz,비 엘마즈,엘마즈,2025-08-11 08:15:02.210
996,297583,209,Jeyland Mitchell,제일랜드 미첼,미첼,2025-08-11 08:15:02.729
1158,9366,65,Igor Jesus,이고르 제주스,제주스,2025-08-31 23:57:33.223
1224,889,66,V. Lindelof,빅토르 린델로프,린델로프,2025-09-21 13:37:31.002
969,1249,598,P. Olayinka,피. 올라잉카,올라잉카,2025-08-11 08:14:14.681
971,3001,347,R. Gumny,알 구미니,구미니,2025-08-11 08:14:14.681
973,18830,598,M. Arnautović,M. 아르나우토비치,아르나우토비치,2025-08-11 08:14:14.710
975,31556,347,Radoslaw Murawski,라도슬라프 무라우스키,무라우스키,2025-08-11 08:14:15.096
981,337587,209,Jordan Bos,조던 보스,보스,2025-08-11 08:15:00.151
982,1949,209,Anel Ahmedhodžić,아넬 아흐메드호지치,아흐메드호지치,2025-08-11 08:15:00.152
983,342163,209,Leo Sauer,레오 소어,소어,2025-08-11 08:15:00.159
984,32858,209,Tsuyoshi Watanabe,쓰요시 와타나베,와타나베,2025-08-11 08:15:00.213
985,161661,611,Archie Brown,아치 브라운,브라운,2025-08-11 08:15:01.192
986,74,611,Sofyan Amrabat,소피안 암라바트,암라바트,2025-08-11 08:15:01.211
987,134590,611,Oğuz Aydın,오구즈 아이딘,아이딘,2025-08-11 08:15:01.307
990,162703,209,C. Tengstedt,C. 텅스테트,텅스테트,2025-08-11 08:15:02.221
991,458540,209,G. Diarra,G. 디아라,디아라,2025-08-11 08:15:02.249
992,314266,209,L. Valente,L. 발렌테,발렌테,2025-08-11 08:15:02.255
993,130,611,Nélson Semedo,넬손 세메도,세메도,2025-08-11 08:15:02.310
994,13489,611,J. Durán,제이 두란,두란,2025-08-11 08:15:02.334
995,12724,611,Anderson Souza Conceicao Talis,안데르손 소우자 콘세이손 탈리스,소우자 콘세이손 탈리스,2025-08-11 08:15:02.725
997,138874,209,Antef Tsoungui,안테프 쯩기,쯩기,2025-08-11 08:15:02.731
998,361888,209,Shiloh Kiesar t Zand,실로 키에사르트 잔트,키에사르트 잔트,2025-08-11 08:15:02.790
999,174565,40,Hugo Ekitiké,우고 에키티케,에키티케,2025-08-15 18:54:46.863
1000,206254,40,Miloš Kerkez,밀로시스 케르케즈,케르케즈,2025-08-15 18:54:46.898
1001,152654,40,Jeremie Frimpong,제레미 프림퐁,프림퐁,2025-08-15 18:54:46.907
1002,203224,40,Florian Wirtz,플로리안 비르츠,비르츠,2025-08-15 18:54:46.914
1003,22136,35,Bafodé Diakité,바포데 디아키테,디아키테,2025-08-15 18:54:47.367
1004,162267,35,Adrien Truffert,아드리앙 트뤼페르,트뤼페르,2025-08-15 18:54:47.368
1005,118307,35,Đorđe Petrović,조르제 페트로비치,페트로비치,2025-08-15 18:54:47.374
1006,162904,40,Rhys Williams,라이스 윌리엄스,윌리엄스,2025-08-15 18:54:48.805
1007,310187,40,Stefan Bajcetic,스테판 바이체틱,바이체틱,2025-08-15 18:54:48.890
1008,18889,40,Freddie Woodman,프레디 우드먼,우드먼,2025-08-15 18:54:48.899
1009,31057,35,H. J. Traore,H. J. 트라오레,J. 트라오레,2025-08-15 20:34:29.407
1010,30410,40,F. Chiesa,F. 키에사,키에사,2025-08-15 20:42:39.414
1011,368030,35,E. J. Kroupi,이.제이. 크루피,크루피,2025-08-15 20:55:49.390
1012,36878,66,Marco Bizot,마르코 비조트,비조트,2025-08-16 11:22:31.772
1013,153430,34,Anthony Elanga,안토니 엘랑가,엘랑가,2025-08-16 11:22:32.383
1014,388013,66,Andres Garcia,안드레스 가르시아,가르시아,2025-08-16 11:22:33.848
1015,15911,47,Mohammed Kudus,모하메드 쿠두스,쿠두스,2025-08-16 13:43:35.928
1016,375915,44,Quilindschy Hartman,퀼린치 하트만,하트만,2025-08-16 13:43:36.611
1017,196855,44,Jaidon Anthony,제이던 앤서니,앤서니,2025-08-16 13:43:36.679
1018,47903,44,Hjalmar Ekdal,야르마르 에크달,에크달,2025-08-16 13:43:36.682
1019,180560,44,Hannibal Mejbri,한니발 메즈브리,메즈브리,2025-08-16 13:43:36.684
1020,18886,44,Martin Dúbravka,마틴 두브라프카,두브라프카,2025-08-16 13:43:36.687
1021,179400,44,Maxime Estève,막심 에스테브,에스테브,2025-08-16 13:43:36.687
1022,627,44,Kyle Walker,카일 워커,워커,2025-08-16 13:43:36.715
1023,123469,44,Zeki Amdouni,제키 암두니,암두니,2025-08-16 13:43:38.107
1024,697,47,Manor Solomon,마노르 솔로몬,솔로몬,2025-08-16 13:43:38.108
1025,337593,47,Kota Takai,코타 타카이,타카이,2025-08-16 13:43:38.112
1026,2061,47,Bryan Gil Salvatierra,브란 길 살바티에라,길 살바티에라,2025-08-16 13:43:38.112
1027,181797,44,Bashir Humphreys,바시르 험프리스,험프리스,2025-08-16 13:43:38.113
1028,270508,44,Chimuanya Ugochukwu,치무안야 우고추쿠위,우고추쿠위,2025-08-16 13:43:38.140
1029,22,44,J. Bruun Larsen,제이 브룐 라르센,브룐 라르센,2025-08-16 15:22:49.047
1030,285,39,Ki-Jana Hoever,키-자나 호에버,호에버,2025-08-17 04:41:05.382
1031,265782,39,David Möller Wolfe,다비드 뫼러 볼프,뫼러 볼프,2025-08-17 04:41:05.386
1033,391822,39,Fer López,페르 로페스,로페스,2025-08-17 04:41:07.135
1034,280687,39,Hugo Bueno,후고 부에노,부에노,2025-08-17 04:41:07.138
1035,13708,39,Jhon Arias,존 아리아스,아리아스,2025-08-17 04:41:07.145
1036,278128,50,Joshua Wilson Esbrand,조슈아 윌슨 에스브란드,윌슨 에스브란드,2025-08-17 04:41:07.530
1037,286894,49,Jamie Gittens,제이미 기튼스,기튼스,2025-08-17 12:54:24.886
1038,380679,52,Caleb Kporha,카렙 코르하,코르하,2025-08-17 12:54:26.822
1045,115589,33,B. Sesko,비 세슈코,세슈코,2025-08-17 16:53:10.059
1046,264384,331,Mikkel Konradsen Ceide,미켈 콘라드센 케이데,콘라드센 케이데,2025-08-22 14:22:01.475
1044,136723,42,N. Madueke,노니 마두에케,마두에케,2025-08-17 16:48:10.164
1039,425733,49,Estevao,에스테방,에스테방,2025-08-17 14:16:07.539
1042,18979,42,Viktor Gyökeres,빅토르 요케레스,요케레스,2025-08-17 15:05:48.001
1041,20589,33,Bryan Mbeumo,음뵈모,음뵈모,2025-08-17 15:05:47.411
1040,1165,33,Matheus Cunha,마테우스 쿠냐,쿠냐,2025-08-17 15:05:47.331
1047,264378,331,Sander Tangvik,산더 탕비크,탕비크,2025-08-22 14:22:01.483
1164,137303,66,E. Guessand,에드윈 게상,게상,2025-09-01 00:09:03.262
1226,19035,66,H. Elliott,해리 엘리엇,엘리엇,2025-09-21 14:19:21.815
1048,205137,331,Tomáš Nemčík,토마쉬 넴치크,넴치크,2025-08-22 14:22:01.485
1049,1189,331,Emil Konradsen Ceide,에밀 콘라드센 세이데,콘라드센 세이데,2025-08-22 14:22:01.486
1050,39134,331,Adrian Nilsen Pereira,에드리안 닐센 페레이라,닐센 페레이라,2025-08-22 14:22:01.488
1051,55410,331,Santeri Väänänen,산테리 베네넨,베네넨,2025-08-22 14:22:01.489
1052,48111,331,Dino Islamović,디노 이슬라모비치,이슬라모비치,2025-08-22 14:22:01.491
1053,57422,331,Simen Bolkan Nordli,시멘 볼칸 노르들리,볼칸 노르들리,2025-08-22 14:22:01.492
1054,341059,331,Jesper Reitan-Sunde,예스퍼 라이탄-순데,라이탄-순데,2025-08-22 14:22:01.492
1056,48040,331,Aslak Fonn Witry,아슬락 폰 빗리,폰 빗리,2025-08-22 14:22:01.555
1032,162489,50,James Trafford,제임스 트래포드,트래포드,2025-08-17 04:41:06.173
1058,979,164,Dominik Kohr,도미닉 코어,코어,2025-08-22 14:22:02.039
1068,151471,331,Ole Christian Saeter,올레 크리스찬 새터,크리스찬 새터,2025-08-22 14:22:03.098
1162,292,55,J. Henderson,제이 에이치엔더슨,에이치엔더슨,2025-09-01 00:09:02.105
1227,18816,746,A. Masuaku,아샤훔 마수아쿠,마수아쿠,2025-09-21 14:40:41.837
1059,25907,164,Stefan Bell,스테판 벨,벨,2025-08-22 14:22:02.039
1072,15904,331,Ulrik Jenssen,울릭 예른센,예른센,2025-08-22 14:22:03.110
1166,19586,42,E. Eze,에브라힘 에제,에제,2025-08-31 16:58:14.438
1228,37143,746,L. Geertruida,엘 헤르트로이다,헤르트로이다,2025-09-21 14:41:11.760
1229,18,66,J. Sancho,제이든 산초,산초,2025-09-21 14:42:41.865
1065,714,164,Nadiem Amiri,나디엠 아미리,아미리,2025-08-22 14:22:02.044
1067,2906,164,Jae-sung Lee,이재성,이재성,2025-08-22 14:22:02.184
1075,39279,164,Andreas Hanche-Olsen,안드레아스 한체올센,한체올센,2025-08-22 14:22:03.122
1092,301771,746,Simon Adingra,시몬 아딩그라,아딩그라,2025-08-23 13:39:29.169
1103,297187,746,Leo Fuhr Hjelde,레오 푸르 흘데,푸르 흘데,2025-08-23 13:39:31.426
1114,18901,63,S. Longstaff,샨 롱스태프,롱스태프,2025-08-23 17:48:42.501
1117,333682,42,C. Mosquera,카를로스 모스케라,모스케라,2025-08-23 17:54:51.310
66,1096,40,D. Szoboszlai,도미니크 소보슬라이,소보슬라이,2025-06-15 18:00:47.149
64,542,40,R. Gravenberch,라이언 흐라벤베르흐,흐라벤베르흐,2025-06-15 18:00:47.134
1043,47315,42,Martín Zubimendi,마르틴 수비멘디,수비멘디,2025-08-17 15:05:48.064
737,360114,50,Abdukodir Khusanov,아브두코디르 후사노프,후사노프,2025-06-23 13:09:42.472
1060,22244,164,Anthony Caci,안토니 카치,카치,2025-08-22 14:22:02.042
1071,280339,164,Armindo Sieb,아르민도 지에브,지에브,2025-08-22 14:22:03.109
1167,336585,48,Mateus Fernandes,마테우스 페르난데스,페르난데스,2025-09-13 15:56:05.138
1230,184226,52,Yéremy Pino,예레미 피노,피노,2025-09-27 13:25:40.395
1232,409047,40,G. Leoni,지안루이지 돈나룸마,돈나룸마,2025-09-27 13:25:42.763
1055,12880,331,Ole Selnaes,올레 셀네스,셀네스,2025-08-22 14:22:01.502
1066,162946,164,Benedict Hollerbach,베네딕트 홀러바흐,홀러바흐,2025-08-22 14:22:02.044
1073,25066,164,Maxim Leitsch,막심 라이치,라이치,2025-08-22 14:22:03.109
1093,6168,746,Omar Alderete,오마르 알데레테,알데레테,2025-08-23 13:39:29.190
1100,169282,746,Niall Huggins,나이얼 허긴스,허긴스,2025-08-23 13:39:30.258
1115,19461,63,L. Nmecha,엘 미차,미차,2025-08-23 17:48:43.112
1168,162016,47,Xavi Simons,자비 시몬스,시몬스,2025-09-13 15:56:07.546
1231,22157,52,W. Benitez,우지에히 슈제츠니,슈제츠니,2025-09-27 13:25:42.755
1057,25906,164,Robin Zentner,로빈 젠트너,젠트너,2025-08-22 14:22:02.038
1094,194536,746,Robin Roefs,로빈 뢰프스,뢰프스,2025-08-23 13:39:29.190
1101,138822,44,Armando Broja,아르만도 브로하,브로하,2025-08-23 13:39:30.258
1116,442044,42,M. Dowman,마이클 다우먼,다우먼,2025-08-23 17:54:21.313
1118,48389,63,N. Okafor,노니 마두에케,마두에케,2025-08-23 17:56:21.328
1169,129695,65,Dilane Bakwa,딜라네 박와,박와,2025-09-14 09:56:07.654
1233,127817,42,P. Hincapie,폴로 흥카피에,흥카피에,2025-09-28 15:31:01.982
1064,33889,164,Kaishu Sano,카이슈 사노,사노,2025-08-22 14:22:02.045
1070,161943,331,Noah Jean Holm,노아 진 홀름,진 홀름,2025-08-22 14:22:03.109
1170,181806,65,Nicolò Savona,니콜로 사보나,사보나,2025-09-14 09:56:08.369
1234,1462,645,Lucas Torreira,루카스 토레이라,토레이라,2025-10-01 02:17:44.768
1244,26252,645,R. Sallai,로란 샐라이,샐라이,2025-10-01 02:17:47.233
1076,15870,48,Mads Hermansen,매즈 헤르만센,헤르만센,2025-08-22 18:55:07.385
1079,665,48,Gnaly Maxwell Cornet,그날리 막스웰 코르네,막스웰 코르네,2025-08-22 18:55:09.441
1095,1464,746,Granit Xhaka,그라니트 자카,자카,2025-08-23 13:39:29.192
1171,575,44,Florentino,플로렌티노,플로렌티노,2025-09-14 14:22:58.703
1235,61837,645,Abdülkerim Bardakçı,압둘케림 바르닥치,바르닥치,2025-10-01 02:17:44.830
1245,216,645,M. Icardi,마우로 이카르디,이카르디,2025-10-01 02:17:47.236
1077,409303,48,El Hadji Malick Diouf,엘 하지 말릭 주프,하지 말릭 주프,2025-08-22 18:55:07.468
1096,327631,746,Habib Diarra,하비브 디아라,디아라,2025-08-23 13:39:29.192
1172,1622,50,Gianluigi Donnarumma,지안루이지 돈나룸마,돈나룸마,2025-09-14 15:00:28.566
1236,49866,645,Uğurcan Çakır,우구르 차키르,차키르,2025-10-01 02:17:44.832
1243,80552,645,Gabriel Sara,가브리엘 사라,사라,2025-10-01 02:17:47.231
1078,21694,48,Nayef Aguerd,나예프 아게르드,아게르드,2025-08-22 18:55:07.484
1080,291363,48,George Earthy,조지 어시,어시,2025-08-22 18:55:09.465
1097,22225,746,Reinildo Mandava,레이닐도 만다바,만다바,2025-08-23 13:39:29.458
1173,2864,40,Alexander Isak,알렉산더 이삭,이삭,2025-09-17 19:37:22.694
1174,30543,530,Giacomo Raspadori,자코모 라스파도리,라스파도리,2025-09-17 19:37:23.247
1178,182219,530,A. Baena,알레한드로 바에나,바에나,2025-09-17 19:37:24.985
1237,168,645,Davinson Sánchez,다빈손 산체스,산체스,2025-10-01 02:17:44.844
1246,24760,40,G. Mamardashvili,지오르기 마마르다시빌리,마마르다시빌리,2025-10-01 02:17:47.236
1063,1812,164,Danny da Costa,다니 다 코스타,다 코스타,2025-08-22 14:22:02.044
1074,22097,164,Arnaud Nordin,아르노 노르당,노르당,2025-08-22 14:22:03.112
1175,26315,530,Nicolás González,니콜라스 곤살레스,곤살레스,2025-09-17 19:37:23.330
1176,133185,530,J. Cardoso,제이 카르도소,카르도소,2025-09-17 19:37:24.980
1238,2780,645,Victor Osimhen,빅토르 오시멘,오시멘,2025-10-01 02:17:44.845
1081,2939,48,C. Wilson,콜린 윌슨,윌슨,2025-08-22 20:08:50.089
1082,284446,48,F. Potts,프레이저 포츠,포츠,2025-08-22 20:09:19.975
1104,290545,746,J. Seelt,제이 쉴트,쉴트,2025-08-23 14:10:50.791
1177,6067,530,T. Almada,톰라스 알마다,알마다,2025-09-17 19:37:24.983
1239,633,645,İlkay Gündoğan,일카이 귄도간,귄도간,2025-10-01 02:17:44.847
1083,341642,49,J. Hato,제이 하토,하토,2025-08-22 20:32:39.952
1084,171,48,K. Walker-Peters,케이 워커-피터스,워커-피터스,2025-08-22 20:33:09.959
1105,84087,746,W. Isidor,더브라이트 이시도르,이시도르,2025-08-23 15:27:41.480
1179,295793,530,M. Pubill,엠 푸빌,푸빌,2025-09-17 20:38:15.818
1240,454,645,Yunus Akgün,유누스 악군,악군,2025-10-01 02:17:44.848
1249,394222,645,G. Gurpuz,그루푸즈,그루푸즈,2025-10-01 02:17:48.016
1087,19130,50,Kalvin Phillips,칼빈 필립스,필립스,2025-08-23 10:51:42.109
1085,41104,47,João Palhinha,주앙 팔리냐,팔리냐,2025-08-23 10:51:40.756
1106,392270,746,M. Guiu,엠 귀우,귀우,2025-08-23 15:44:11.048
1180,42012,400,E. Achouri,에히암 아슈우리,아슈우리,2025-09-20 11:19:09.254
1186,161919,400,Y. Moukoko,요스프 무코코,무코코,2025-09-20 11:19:09.333
1192,26232,168,M. Flekken,엠 플레켄,플레켄,2025-09-20 11:19:09.788
1241,63274,645,Barış Alper Yılmaz,바리시 알퍼 읜르마즈,알퍼 읜르마즈,2025-10-01 02:17:44.907
1247,314661,40,J. Danns,제이 댄스,댄스,2025-10-01 02:17:48.012
1062,202736,164,Paul Nebel,폴 네벨,네벨,2025-08-22 14:22:02.043
1181,2736,400,L. Lerager,루카스 레라거,레라거,2025-09-20 11:19:09.322
1194,158698,168,J. Quansah,제이 쿠안사,쿠안사,2025-09-20 11:19:09.788
1199,380587,168,I. Maza,아이 마자,마자,2025-09-20 11:19:11.532
1207,15935,400,M. Mattsson,마티아스 마트손,마트손,2025-09-20 11:19:12.385
1242,30504,645,Wilfried Singo,윌프리드 싱고,싱고,2025-10-01 02:17:44.982
1248,145057,645,K. Karatas,케이 카라타스,카라타스,2025-10-01 02:17:48.012
1086,19012,50,Marcus Bettinelli,마커스 베티넬리,베티넬리,2025-08-23 10:51:42.091
1107,161621,44,L. Tchaouna,르미 트샤우나,트샤우나,2025-08-23 15:46:20.741
1182,159511,400,Gabriel Pereira,가브리엘 페레이라,페레이라,2025-09-20 11:19:09.329
1193,237087,168,E. Fernández,에스테반 페르난데스,페르난데스,2025-09-20 11:19:09.788
1205,414385,168,C. Echeverri,카를로스 에체베리,에체베리,2025-09-20 11:19:11.543
1250,340154,81,Arthur Vermeeren,아서 베르메렌,베르메렌,2025-10-01 02:22:48.270
1259,2284,81,Emerson Palmieri,엠러손 팔미에리,팔미에리,2025-10-01 02:22:48.346
1268,161883,194,Youri Regeer,유리 레게르,레게르,2025-10-01 02:22:49.387
1270,181827,81,C. Egan-Riley,콜린 이건-라일리,이건-라일리,2025-10-01 02:22:50.932
1282,30525,81,P. Lirola,폴 리롤라,리롤라,2025-10-01 02:22:51.781
1284,311334,49,Facundo Buonanotte,파쿤도 부오낫테,부오낫테,2025-10-01 02:23:05.855
1292,335050,211,N. Felix,조앙 펠릭스,펠릭스,2025-10-01 02:23:09.388
1302,264692,327,A. Klynge,알렉산더 클링게,클링게,2025-10-01 02:23:29.624
106,1100,50,E. Haaland,엘린 홀란드,홀란드,2025-06-15 18:00:57.799
497,36902,50,Tijjani Reijnders,티자니 라인더르스,라인더르스,2025-06-18 15:48:18.785
1108,47969,63,Gabriel Gudmundsson,가브리엘 구드문손,구드문손,2025-08-23 16:04:39.349
1113,30407,42,Christian Norgaard,크리스티안 노르가르드,노르가르드,2025-08-23 16:04:41.109
1183,36885,400,P. Hatzidiakos,폴로스 하치디아코스,하치디아코스,2025-09-20 11:19:09.329
1195,757,168,Lucas Vázquez,루카스 바스케스,바스케스,2025-09-20 11:19:09.789
1204,505295,168,C. Kofane,코파네,코파네,2025-09-20 11:19:11.542
1251,283216,81,Bilal Nadir,빌랄 나디르,나디르,2025-10-01 02:22:48.325
1262,162687,194,Vítězslav Jaroš,비테즈슬라프 야로시,야로시,2025-10-01 02:22:49.373
1272,443829,194,J. Mokio,제이 모키오,모키오,2025-10-01 02:22:50.934
1295,287592,211,Manu,손흥민,손흥민,2025-10-01 02:23:09.425
1305,21104,47,R. Kolo Muani,르미콜로 모아니,모아니,2025-10-01 02:23:30.392
1088,55904,746,Daniel Ballard,다니엘 발라드,발라드,2025-08-23 13:39:29.151
1109,19321,63,Joe Rodon,조 로돈,로돈,2025-08-23 16:04:39.415
1184,48203,400,J. Larsson,요한 라르손,라르손,2025-09-20 11:19:09.330
1197,174918,168,L. Badé,레미 바데,바데,2025-09-20 11:19:09.791
1209,1274,400,A. Cornelius,에이 코넬리우스,코넬리우스,2025-09-20 11:19:12.392
1252,47296,81,Gerónimo Rulli,헤로니모 룰리,룰리,2025-10-01 02:22:48.330
1263,329715,194,Oscar Gloukh,오스카 글루크,글루크,2025-10-01 02:22:49.377
1269,138753,194,O. Edvardsen,오이 에드바르센,에드바르센,2025-10-01 02:22:50.932
1285,158378,211,Enzo Barrenechea,엔조 바레네체아,바레네체아,2025-10-01 02:23:06.903
1297,39073,327,Jens Petter Hauge,예른 페터 하우게,페터 하우게,2025-10-01 02:23:26.846
1061,25915,164,Phillipp Mwene,필리프 므네,므네,2025-08-22 14:22:02.043
1069,25378,331,Iver Fossum,이버 포숨,포숨,2025-08-22 14:22:03.103
1185,524,400,D. Kotarski,드미트르 코타르스키,코타르스키,2025-09-20 11:19:09.332
1191,343320,168,E. Ben Seghir,에드리안 벤 세기르,벤 세기르,2025-09-20 11:19:09.787
1203,312840,168,E. Poku,에두아르도 포쿠,포쿠,2025-09-20 11:19:11.542
1253,21694,81,Nayef Aguerd,나예프 아게르드,아게르드,2025-10-01 02:22:48.333
1264,36893,194,Owen Wijndal,오웬 위인달,위인달,2025-10-01 02:22:49.379
1277,47426,81,R. Blanco,로베르토 블랑코,블랑코,2025-10-01 02:22:51.696
1287,25458,211,Dodi Lukebakio,도디 루케바키오,루케바키오,2025-10-01 02:23:06.985
1089,365331,746,Noah Sadiki,노아 사디키,사디키,2025-08-23 13:39:29.153
1102,1146,746,Nordi Mukiele,노르디 무키엘,무키엘,2025-08-23 13:39:30.496
1110,162128,63,Wilfried Gnonto,윌프리드 뇬토,뇬토,2025-08-23 16:04:39.433
1187,15,400,T. Delaney,토마스 델라니,델라니,2025-09-20 11:19:09.333
1196,162037,168,M. Tillman,마르셀 틸만,틸만,2025-09-20 11:19:09.789
1200,15934,400,M. Madsen,마르쿠스 마드센,마드센,2025-09-20 11:19:11.534
1208,395602,400,O. Hojer,오이호어,오이호어,2025-09-20 11:19:12.391
1254,897,81,Mason Greenwood,메이슨 그린우드,그린우드,2025-10-01 02:22:48.335
1255,1465,81,Pierre-Emerick Aubameyang,피에르에메릭 오바메양,오바메양,2025-10-01 02:22:48.335
1261,25321,194,Davy Klaassen,다비 클라센,클라센,2025-10-01 02:22:49.310
1265,38114,194,Ko Itakura,고 이타쿠라,이타쿠라,2025-10-01 02:22:49.381
1274,896,81,A. Gomes,앤젤 고메스,고메스,2025-10-01 02:22:50.935
1275,2973,81,M. Murillo,엠 무리요,무리요,2025-10-01 02:22:50.936
1281,926,81,G. Kondogbia,지안루이지 돈나룸마,돈나룸마,2025-10-01 02:22:51.775
1283,284324,49,Alejandro Garnacho,알레한드로 가르나초,가르나초,2025-10-01 02:23:05.775
1293,645,49,R. Sterling,라힘 스턜링,스턜링,2025-10-01 02:23:09.423
1294,312164,211,J. Wynder,제이 와인더,와인더,2025-10-01 02:23:09.423
1298,31541,327,Haitam Aleesami,하이탐 알리사미,알리사미,2025-10-01 02:23:26.919
1301,151510,327,O. Blomberg,오스카 블롬베리,블롬베리,2025-10-01 02:23:29.617
1304,39287,327,O. Brynhildsen,오드너 브린힐드센,브린힐드센,2025-10-01 02:23:30.386
1099,162076,746,Dennis Cirkin,덴니스 서킨,서킨,2025-08-23 13:39:30.217
1090,336659,746,Chemsdine Talbi,헴스디네 탈비,탈비,2025-08-23 13:39:29.155
1111,80296,63,Lucas Perri,루카스 페리,페리,2025-08-23 16:04:39.438
1188,310199,400,R. Huescas,로베르토 우에스카스,우에스카스,2025-09-20 11:19:09.338
1201,2080,400,V. Claesson,빅토르 클라에손,클라에손,2025-09-20 11:19:11.535
1256,2725,81,Benjamin Pavard,벤자민 파바르,파바르,2025-10-01 02:22:48.338
1266,56283,194,Lucas Rosa,루카스 로사,로사,2025-10-01 02:22:49.384
1278,287109,194,J. McConnell,제임스 맥커넬,맥커넬,2025-10-01 02:22:51.705
1289,161945,211,Georgiy Sudakov,게오르기 수다코프,수다코프,2025-10-01 02:23:06.996
1091,119121,746,Trai Hume,트라이 휴메,휴메,2025-08-23 13:39:29.163
1098,19182,44,Axel Tuanzebe,악셀 투안제베,투안제베,2025-08-23 13:39:30.159
1112,177665,63,Anton Stach,안톤 스타흐,스타흐,2025-08-23 16:04:39.710
1189,2431,400,M. López,마르코 로페스,로페스,2025-09-20 11:19:09.338
1202,386285,400,Y. Zague,와이 자구에,자구에,2025-09-20 11:19:11.538
1257,19030,81,Matt O'Riley,맷 오라일리,오라일리,2025-10-01 02:22:48.340
1267,294684,194,Youri Baas,유리 바스,바스,2025-10-01 02:22:49.387
1276,264470,194,R. Moro,라파엘 모로,모로,2025-10-01 02:22:50.938
1279,31057,81,H. J. Traore,헤라클리우스 제이 트라오레,제이 트라오레,2025-10-01 02:22:51.708
1288,195104,211,Richard Ríos,리차드 리오스,리오스,2025-10-01 02:23:06.987
1291,162098,211,H. Araujo,에릭 아라우조,아라우조,2025-10-01 02:23:08.578
1296,15623,211,A. Bah,알프레드 바하,바하,2025-10-01 02:23:09.432
1299,15704,327,Kasper Høgh,카스퍼 흐어,흐어,2025-10-01 02:23:26.929
1303,39352,327,J. Gundersen,주드 근데르센,근데르센,2025-10-01 02:23:29.624
1311,203456,1393,O. Niang,오스만 냉,냉,2025-10-12 04:34:11.692
1312,127414,1393,A. Ait El Hadj,아드리안 아이트 엘 하지,아이트 엘 하지,2025-10-12 04:34:11.757
1313,4408,1393,A. Zorgane,에이 조르가네,조르가네,2025-10-12 04:34:11.765
1314,37276,1393,K. Scherpen,케이 슈르펜,슈르펜,2025-10-12 04:34:11.779
1315,455438,1393,M. Giger,마이클 기거,기거,2025-10-12 04:34:13.210
1316,271875,1393,L. Patris,루카스 패트리스,패트리스,2025-10-12 04:34:13.267
1317,2710,1393,S. Boufal,소피안 부팔,부팔,2025-10-12 04:34:13.276
1318,359006,1393,M. Fuseini,무하메드 후세이니,후세이니,2025-10-12 04:34:13.633
1319,270201,1393,R. Florucz,라파엘 플로루츠,플로루츠,2025-10-12 04:34:13.638
1320,237819,36,Kevin,해리 케인,케인,2025-10-19 08:09:19.803
1321,1696,36,S. Chukwueze,사무엘 추쿠웨제,추쿠웨제,2025-10-19 08:09:20.573
1322,392482,51,C. Kostoulas,코스툴라스,코스툴라스,2025-10-25 18:07:03.787
1323,343311,51,S. Tzimas,슈제츠니,슈제츠니,2025-10-25 18:15:11.603
1324,319517,55,A. Milambo,알프론스 미람보,미람보,2025-10-25 18:28:47.382
1325,47522,65,Douglas Luiz,더글라스 루이즈,루이즈,2025-11-01 16:33:18.802
1326,641,65,O. Zinchenko,오렉사드르 진첸코,진첸코,2025-11-01 16:33:21.270
1327,18933,65,A. Gunn,알렉스 건,건,2025-11-01 16:33:21.275
1328,7600,48,Igor,이고르,이고르,2025-11-20 07:45:30.597
1329,330238,44,Lucas Pires,루카스 피레스,피레스,2025-11-20 07:45:30.605
1330,64167,49,G. Slonina,그레이슨 슬로니나,슬로니나,2025-11-25 19:57:09.749
1331,2489,157,L. Diaz,루카스 디아즈,디아즈,2025-11-26 19:47:59.844
1332,283058,157,N. Jackson,노이어 잭슨,잭슨,2025-11-26 21:32:50.454
1333,359942,35,M. Akinmboni,엠 아킨보니,아킨보니,2025-12-06 14:42:13.431
1334,343576,35,B. Doak,브랜든 도악,도악,2025-12-06 14:42:13.776
1335,129682,35,A. Adli,아드리언 아들리,아들리,2025-12-06 16:33:53.798
1336,833,63,Jaka Bijol,야카 비욜,비욜,2025-12-06 16:58:23.663
1337,1408,63,S. Bornauw,에스테반 보르나우,보르나우,2025-12-06 19:24:17.897
1338,284300,541,Álvaro Carreras,알바로 카레라스,카레라스,2025-12-10 19:45:52.325
1339,377122,541,Endrick,앤드릭,앤드릭,2025-12-10 21:39:56.110
1340,397997,40,T. Nyoni,티나이 뇨니,뇨니,2025-12-20 19:30:33.776
1341,202854,45,M. Rohl,마티아스 를,를,2025-12-20 19:37:46.448
1342,456206,39,Mateus Mané,마테우스 마네,마네,2025-12-27 14:54:29.356
1343,110153,39,Tolu Arokodare,톨루 아로코다레,아로코다레,2025-12-27 14:54:29.357
1344,66407,39,Ladislav Krejčí,라디슬라프 크레이치,크레이치,2025-12-27 14:54:29.360
1345,171035,39,T. Chirewa,타디오 치레와,치레와,2025-12-27 14:54:30.872
1346,296560,39,J. Tchatchoua,주드 차추아,차추아,2025-12-27 16:21:01.674
1347,19569,63,J. Gelhardt,제이름 젤하트,젤하트,2026-01-01 17:30:26.747
1348,436443,36,J. Kusi Asare,제이 쿠시 아사레,쿠시 아사레,2026-01-04 16:59:18.234
1349,293168,50,Max Alleyne,막스 알레인,알레인,2026-01-17 12:21:28.517
1350,19281,50,Antoine Semenyo,앙투안 세메뇨,세메뇨,2026-01-17 12:21:28.524
1351,557462,33,S. Lacey,에스 레이시,레이시,2026-01-17 12:21:30.034
1352,380681,50,D. Mukasa,다비드 무카사,무카사,2026-01-17 14:09:10.864
1353,6,81,Leonardo Balerdi,레오나르도 발레르디,발레르디,2026-01-21 20:03:55.738
1354,85041,81,Amine Gouiri,아민 구이리,구이리,2026-01-21 20:03:56.183
1355,19364,81,N. Maupay,니얼 마우파이,마우파이,2026-01-21 20:03:58.244
1356,129672,81,T. Vermot,토마스 베르모트,베르모트,2026-01-21 20:03:58.620
1357,361485,35,A. Toth,안드라스 토트,토트,2026-01-24 19:14:10.364
1358,482903,42,M. Salmon,마티아 살몬,살몬,2026-01-25 16:27:24.812
1359,362270,33,E. Wheatley,에단 위틀리,위틀리,2026-01-25 16:27:24.815
1360,329357,65,Zach Abbott,자크 애보트,애보트,2026-02-07 10:59:02.893
1361,25004,65,Stefan Ortega,스테판 오르테가,오르테가,2026-02-07 10:59:02.959
1362,163069,65,L. Netz,루카스 네츠,네츠,2026-02-07 10:59:04.460
1363,199089,65,L. Lucca,루카,루카,2026-02-07 10:59:04.460
1364,70366,65,John Victor,존 빅터,빅터,2026-02-07 10:59:04.958
1365,67972,47,Conor Gallagher,코너 갤러거,갤러거,2026-02-07 12:22:54.435
1366,414455,47,Souza,수자,수자,2026-02-07 13:46:36.905
1367,557460,33,T. Fletcher,토미 플레처,플레처,2026-02-07 14:23:16.746
1368,19484,39,Adam Armstrong,아담 암스트롱,암스트롱,2026-02-07 14:31:48.320
1369,896,39,Angel Gomes,엔젤 고메스,고메스,2026-02-07 14:31:48.395
1370,67971,50,Marc Guéhi,마르크 게이히,게이히,2026-02-08 16:10:05.502
1371,50856,48,Valentín Castellanos,발렌틴 카스테야노스,카스테야노스,2026-02-28 14:56:00.937
1372,21998,48,Axel Disasi,악셀 디사시,디사시,2026-02-28 14:56:01.005
1373,301187,48,Pablo,파블로,파블로,2026-02-28 14:56:05.785
1374,18753,48,A. Traore,아모드 트라오레,트라오레,2026-02-28 16:36:26.520
1375,553065,48,E. Mayers,에릭 메이어스,메이어스,2026-02-28 16:50:36.412
1376,401278,48,M. Kante,응골로 칸테,칸테,2026-02-28 16:50:36.414
1377,278133,36,Oscar Bobb,오스카 보브,보브,2026-03-01 13:56:56.165
1378,544,645,Noa Lang,노아 랑,랑,2026-03-10 17:41:11.267
1379,162000,645,M. Baltaci,미르자 벌타치,벌타치,2026-03-10 17:41:13.558
1381,518567,645,R. Nhaga,르이스 니아가,니아가,2026-03-10 17:41:13.559
1382,180316,40,H. Davies,해리 케인,케인,2026-03-10 17:41:13.559
1384,404443,645,A. Unyay,알 수 없음,수 없음,2026-03-10 17:41:13.591
1380,585709,645,C. Guner,캐리 군너,군너,2026-03-10 17:41:13.558
1383,430,645,B. Sen,비샨,비샨,2026-03-10 17:41:13.561
1385,2195,645,S. Boey,스티븐 보이,보이,2026-03-10 19:31:14.278
1386,509470,541,Thiago Pitarch,티아고 피타르치,피타르치,2026-03-11 19:48:49.272
1387,323591,50,S. Nypan,슈제츠니,슈제츠니,2026-03-11 19:48:51.620
1388,449249,541,F. Mastantuono,프란체스코 마스탄투오노,마스탄투오노,2026-03-11 21:35:12.323
1389,313167,541,M. A. Moran,엠 에이 모란,에이 모란,2026-03-11 21:35:12.327
1390,19194,66,T. Abraham,타미 압라햄,압라햄,2026-03-15 15:19:07.829
1391,380689,47,C. Olusesi,콜린 오루세시,오루세시,2026-03-15 18:04:51.554
1392,557539,47,J. Rowswell,제임스 로즈웰,로즈웰,2026-03-15 18:24:21.357
1393,644,645,L. Sane,레루이 산에,산에,2026-03-18 21:06:40.773
1394,18970,51,Pascal Groß,파스칼 그로스,그로스,2026-03-21 13:41:31.676
1395,2938,44,J. Ward-Prowse,제임스 워드-프라우스,워드-프라우스,2026-03-25 09:06:21.801
1396,47400,541,Andriy Lunin,안드리 루닌,루닌,2026-04-07 18:58:15.202
1397,630895,157,B. Ndiaye,바바카르 노디아예,노디아예,2026-04-07 18:58:17.576
1398,496738,157,W. Mike,윌리엄 마이크,마이크,2026-04-07 18:58:17.577
1399,524214,157,C. Kiala,카프틴 키알라,키알라,2026-04-07 18:58:17.952
1400,498,157,S. Ulreich,울라이히,울라이히,2026-04-07 18:58:17.953
1401,2068,85,Matvey Safonov,맛베이 사포노프,사포노프,2026-04-08 18:51:50.016
1402,471107,85,Q. Ndjantou,엔잔투,엔잔투,2026-04-08 18:51:52.343
1403,265826,47,Antonín Kinský,안토닌 킨스키,킨스키,2026-04-12 12:57:04.277
1404,554280,746,J. T. Bi,제이 티 비,티 비,2026-04-12 12:57:06.193
1405,311543,746,N. Angulo,노에르 앙구로,앙구로,2026-04-12 12:57:06.197
1406,22094,49,Wesley Fofana,웨슬리 포파나,포파나,2026-04-12 15:08:01.855
1407,161907,49,Malo Gusto,말로 구스토,구스토,2026-04-12 15:08:01.870
1408,22160,51,Olivier Boscagli,올리비에 보스칼리,보스칼리,2026-04-18 16:27:38.138
1409,334037,45,T. George,티 조지,조지,2026-04-19 14:39:40.885
1410,978,42,Kai Havertz,카이 하베르츠,하베르츠,2026-04-19 15:32:22.051
1411,22090,42,William Saliba,윌리엄 살리바,살리바,2026-04-19 15:32:22.057
1412,37127,42,Martin Odegaard,마르틴 우드가르드,우드가르드,2026-04-19 15:32:22.058
1413,22224,42,Gabriel Magalhães,가브리엘 마가론,마가론,2026-04-19 15:32:22.062
1414,2937,42,Declan Rice,덱란 라이스,라이스,2026-04-19 15:32:22.122
1415,19163,34,Jacob Murphy,제이콥 머피,머피,2026-04-25 17:07:19.350
1416,31146,34,Sandro Tonali,산드로 토날리,토날리,2026-04-25 17:07:19.381
1417,1463,34,Joe Willock,조 윌록,윌록,2026-04-25 17:07:19.382
1418,18961,34,Dan Burn,댄 번,번,2026-04-25 17:07:19.383
1419,18911,34,Nick Pope,닉 포프,포프,2026-04-25 17:07:19.386
1420,19959,42,Ben White,벤 화이트,화이트,2026-04-25 17:07:19.388
1421,10135,34,Bruno Guimarães,브루노 기마란예스,기마란예스,2026-04-25 17:07:19.390
1422,315237,34,William Osula,윌리엄 오수라,오수라,2026-04-25 17:07:19.390
1423,328105,34,Lewis Miley,루이스 마일리,마일리,2026-04-25 17:07:19.419
1424,127769,42,G. Martinelli,게브리엘 마르티넬리,마르티넬리,2026-04-25 17:43:58.915
1425,18778,34,H. Barnes,하비어 바른스,바른스,2026-04-25 17:56:58.919
1426,1460,42,B. Saka,부코요 사카,사카,2026-04-25 18:11:29.057
1427,313245,42,M. Lewis-Skelly,엠 루이스-스켈리,루이스-스켈리,2026-04-25 18:11:29.058
1428,18767,530,Ademola Lookman,아데몰라 룩만,룩만,2026-04-29 18:57:11.777
1429,162012,530,Matteo Ruggeri,마테오 루제리,루제리,2026-04-29 18:57:11.839
1430,30399,530,Dávid Hancko,다비드 한코,한코,2026-04-29 18:57:11.839
1431,393193,55,K. Furo,케이 후로,후로,2026-05-02 15:50:42.727
1432,157052,42,Riccardo Calafiori,리카르도 칼라피오리,칼라피오리,2026-05-02 16:06:22.546
1433,19480,36,Harrison Reed,해리슨 리드,리드,2026-05-02 16:06:22.552
1434,1161,36,Emile Smith Rowe,에밀 스미스 로우,스미스 로우,2026-05-02 16:06:22.554
1435,1946,42,Leandro Trossard,레안드로 트로사르,트로사르,2026-05-02 16:06:22.554
1436,2920,36,Timothy Castagne,티모시 카스타뉴,카스타뉴,2026-05-02 16:06:22.555
1437,152967,36,Calvin Bassey,칼빈 바시,바시,2026-05-02 16:06:22.555
1438,643,42,Gabriel Jesus,가브리엘 제주스,제주스,2026-05-02 17:55:12.373
1439,195106,36,Rodrigo Muniz,로드리고 무니즈,무니즈,2026-05-02 18:04:22.287
1440,162453,85,L. Chevalier,르안 셔발리에,셔발리에,2026-05-06 19:04:24.313
1441,568042,157,M. Cardozo,마르틴 카르도소,카르도소,2026-05-06 19:04:24.319
1443,286616,49,Filip Jørgensen,필립 요르겐센,요르겐센,2026-05-09 11:06:19.326
1442,6716,40,Alexis Mac Allister,알렉시스 맥알리스터,맥알리스터,2026-05-09 11:06:19.326
1444,284,40,J. Gomez,후안 고메즈,고메즈,2026-05-09 13:05:49.003
1445,412759,52,J. Canvot,주드 캔보트,캔보트,2026-05-14 04:58:23.142
1446,129711,52,B. Johnson,브랜든 존슨,존슨,2026-05-14 04:58:23.218
1447,2032,52,J. S. Larsen,제이 에스 라슨,에스 라슨,2026-05-14 04:58:24.196
1448,26303,52,B. Sosa,베르너 소사,소사,2026-05-14 04:58:24.663
1449,137303,52,E. Guessand,에드슨 게산,게산,2026-05-14 04:58:24.732
1450,464004,66,Alysson,알리송,알리송,2026-05-15 18:56:48.643
